TransactionID,BookingID,Amount,PaymentMethod
T00001,B00001,20352,Card
T00002,B00002,27715,Cash
T00003,B00003,13660,Cash
T00004,B00004,48072,Bank Transfer
T00005,B00005,39405,QR
T00006,B00006,7478,QR
T00007,B00007,2664,Cash
T00008,B00008,46112,QR
T00009,B00009,29085,Card
T00010,B00010,28366,Bank Transfer
T00011,B00011,22689,Bank Transfer
T00012,B00012,2900,Cash
T00013,B00013,21359,Card
T00014,B00014,45834,Bank Transfer
T00015,B00015,44136,Cash
T00016,B00016,21836,QR
T00017,B00017,19923,Card
T00018,B00018,7638,Card
T00019,B00019,11993,Bank Transfer
T00020,B00020,34328,Card
T00021,B00021,34830,QR
T00022,B00022,6327,Bank Transfer
T00023,B00023,28596,QR
T00024,B00024,41209,Card
T00025,B00025,15235,Card
T00026,B00026,34545,Card
T00027,B00027,25808,QR
T00028,B00028,39106,QR
T00029,B00029,11860,QR
T00030,B00030,31128,Cash
T00031,B00031,48721,QR
T00032,B00032,4609,Card
T00033,B00033,4308,Card
T00034,B00034,29627,Card
T00035,B00035,33927,Cash
T00036,B00036,15466,QR
T00037,B00037,11750,Card
T00038,B00038,17164,QR
T00039,B00039,20195,Card
T00040,B00040,16213,Bank Transfer
T00041,B00041,10526,QR
T00042,B00042,33596,Cash
T00043,B00043,10756,Card
T00044,B00044,6124,Card
T00045,B00045,44506,QR
T00046,B00046,3945,Bank Transfer
T00047,B00047,23793,QR
T00048,B00048,34420,Card
T00049,B00049,44028,Card
T00050,B00050,9007,Cash
T00051,B00051,23261,QR
T00052,B00052,17112,Card
T00053,B00053,48599,QR
T00054,B00054,39112,Card
T00055,B00055,32840,Card
T00056,B00056,18567,Card
T00057,B00057,39303,QR
T00058,B00058,36249,Card
T00059,B00059,45135,QR
T00060,B00060,27540,Bank Transfer
T00061,B00061,12836,Bank Transfer
T00062,B00062,44157,QR
T00063,B00063,11619,Card
T00064,B00064,37688,Cash
T00065,B00065,33845,Cash
T00066,B00066,15759,Card
T00067,B00067,49004,QR
T00068,B00068,30936,Card
T00069,B00069,6626,Card
T00070,B00070,20263,Bank Transfer
T00071,B00071,20110,Bank Transfer
T00072,B00072,8680,QR
T00073,B00073,8251,Card
T00074,B00074,3338,Cash
T00075,B00075,44607,QR
T00076,B00076,6614,Bank Transfer
T00077,B00077,35097,Cash
T00078,B00078,24088,Cash
T00079,B00079,15164,QR
T00080,B00080,39614,Bank Transfer
T00081,B00081,3013,Card
T00082,B00082,17149,Card
T00083,B00083,21835,Bank Transfer
T00084,B00084,42638,Card
T00085,B00085,48666,Bank Transfer
T00086,B00086,45490,Bank Transfer
T00087,B00087,47291,Card
T00088,B00088,5889,Bank Transfer
T00089,B00089,44430,QR
T00090,B00090,2632,Bank Transfer
T00091,B00091,6185,QR
T00092,B00092,29325,Card
T00093,B00093,26778,Card
T00094,B00094,45947,Bank Transfer
T00095,B00095,13225,QR
T00096,B00096,26487,Card
T00097,B00097,29128,QR
T00098,B00098,10429,Cash
T00099,B00099,47711,Cash
T00100,B00100,22276,Bank Transfer
T00101,B00101,3732,Bank Transfer
T00102,B00102,37462,QR
T00103,B00103,43660,QR
T00104,B00104,36554,Cash
T00105,B00105,19064,Cash
T00106,B00106,20427,QR
T00107,B00107,11564,QR
T00108,B00108,15891,Cash
T00109,B00109,23742,Cash
T00110,B00110,3252,Cash
T00111,B00111,41156,Bank Transfer
T00112,B00112,40738,QR
T00113,B00113,42682,Card
T00114,B00114,48141,QR
T00115,B00115,49145,Bank Transfer
T00116,B00116,6132,Bank Transfer
T00117,B00117,16353,Bank Transfer
T00118,B00118,24416,Bank Transfer
T00119,B00119,28133,Card
T00120,B00120,6264,Cash
T00121,B00121,38984,Cash
T00122,B00122,28059,QR
T00123,B00123,12221,QR
T00124,B00124,35730,Bank Transfer
T00125,B00125,3439,Cash
T00126,B00126,39525,QR
T00127,B00127,6578,QR
T00128,B00128,48040,Card
T00129,B00129,15347,Bank Transfer
T00130,B00130,18179,Cash
T00131,B00131,26953,Cash
T00132,B00132,39267,QR
T00133,B00133,43874,Cash
T00134,B00134,24301,Cash
T00135,B00135,22975,QR
T00136,B00136,18348,Bank Transfer
T00137,B00137,6958,Cash
T00138,B00138,12042,Bank Transfer
T00139,B00139,22229,Card
T00140,B00140,24673,QR
T00141,B00141,28392,Cash
T00142,B00142,44338,Cash
T00143,B00143,9269,QR
T00144,B00144,3332,Bank Transfer
T00145,B00145,47530,Bank Transfer
T00146,B00146,20516,QR
T00147,B00147,26639,Bank Transfer
T00148,B00148,8819,QR
T00149,B00149,44698,QR
T00150,B00150,42415,Bank Transfer
T00151,B00151,39458,QR
T00152,B00152,5646,Cash
T00153,B00153,24413,QR
T00154,B00154,17070,QR
T00155,B00155,21532,Bank Transfer
T00156,B00156,28499,Bank Transfer
T00157,B00157,42067,Card
T00158,B00158,41450,Bank Transfer
T00159,B00159,38544,Card
T00160,B00160,44363,QR
T00161,B00161,47339,QR
T00162,B00162,36126,Bank Transfer
T00163,B00163,15045,Cash
T00164,B00164,3934,Bank Transfer
T00165,B00165,37347,QR
T00166,B00166,10233,Card
T00167,B00167,13581,QR
T00168,B00168,34236,Card
T00169,B00169,5992,Cash
T00170,B00170,46293,Cash
T00171,B00171,44819,Card
T00172,B00172,31550,QR
T00173,B00173,8257,Cash
T00174,B00174,22888,Cash
T00175,B00175,6007,QR
T00176,B00176,28629,Card
T00177,B00177,5971,QR
T00178,B00178,33704,Card
T00179,B00179,10910,Cash
T00180,B00180,29458,Card
T00181,B00181,35349,QR
T00182,B00182,43973,Bank Transfer
T00183,B00183,48668,Bank Transfer
T00184,B00184,39411,QR
T00185,B00185,29307,Card
T00186,B00186,14275,QR
T00187,B00187,14943,Cash
T00188,B00188,6653,Card
T00189,B00189,38811,QR
T00190,B00190,32876,QR
T00191,B00191,42621,QR
T00192,B00192,24468,QR
T00193,B00193,16406,Card
T00194,B00194,27150,Card
T00195,B00195,44339,Card
T00196,B00196,35409,Card
T00197,B00197,38700,Cash
T00198,B00198,22513,Bank Transfer
T00199,B00199,37792,Cash
T00200,B00200,21870,Cash
T00201,B00201,22547,Card
T00202,B00202,34302,Card
T00203,B00203,13083,Bank Transfer
T00204,B00204,46784,Card
T00205,B00205,44913,Cash
T00206,B00206,8297,Bank Transfer
T00207,B00207,28942,Cash
T00208,B00208,29934,Bank Transfer
T00209,B00209,32547,Cash
T00210,B00210,39915,QR
T00211,B00211,24305,Bank Transfer
T00212,B00212,45618,Card
T00213,B00213,15011,Card
T00214,B00214,39736,Card
T00215,B00215,20040,Cash
T00216,B00216,46075,Bank Transfer
T00217,B00217,18030,Card
T00218,B00218,9436,QR
T00219,B00219,19743,Card
T00220,B00220,25684,Cash
T00221,B00221,47990,QR
T00222,B00222,32755,Bank Transfer
T00223,B00223,5468,Cash
T00224,B00224,31815,QR
T00225,B00225,39256,Cash
T00226,B00226,35864,Card
T00227,B00227,23726,Cash
T00228,B00228,3070,Bank Transfer
T00229,B00229,39185,QR
T00230,B00230,17957,Bank Transfer
T00231,B00231,43621,Bank Transfer
T00232,B00232,30311,Cash
T00233,B00233,21145,Cash
T00234,B00234,40781,QR
T00235,B00235,11155,Card
T00236,B00236,25272,Cash
T00237,B00237,28829,Cash
T00238,B00238,17022,Card
T00239,B00239,47965,Bank Transfer
T00240,B00240,8428,Bank Transfer
T00241,B00241,9727,QR
T00242,B00242,8165,Card
T00243,B00243,34043,Cash
T00244,B00244,10344,Cash
T00245,B00245,35423,Bank Transfer
T00246,B00246,5825,Card
T00247,B00247,8784,Card
T00248,B00248,36640,Bank Transfer
T00249,B00249,28483,QR
T00250,B00250,4271,QR
T00251,B00251,45802,Bank Transfer
T00252,B00252,30049,QR
T00253,B00253,44694,Bank Transfer
T00254,B00254,35608,QR
T00255,B00255,4682,Cash
T00256,B00256,40481,Bank Transfer
T00257,B00257,36919,Bank Transfer
T00258,B00258,15112,QR
T00259,B00259,48671,Cash
T00260,B00260,6131,Card
T00261,B00261,30577,Cash
T00262,B00262,11255,Bank Transfer
T00263,B00263,34865,QR
T00264,B00264,5106,Bank Transfer
T00265,B00265,21878,Card
T00266,B00266,7411,Card
T00267,B00267,12968,QR
T00268,B00268,19831,Card
T00269,B00269,14609,Bank Transfer
T00270,B00270,47329,Bank Transfer
T00271,B00271,18169,Cash
T00272,B00272,16711,Bank Transfer
T00273,B00273,44722,QR
T00274,B00274,41447,Cash
T00275,B00275,29506,Cash
T00276,B00276,48924,Cash
T00277,B00277,42240,Bank Transfer
T00278,B00278,49314,Cash
T00279,B00279,8428,Cash
T00280,B00280,17496,QR
T00281,B00281,9551,Cash
T00282,B00282,3038,Bank Transfer
T00283,B00283,48832,Cash
T00284,B00284,24506,QR
T00285,B00285,37677,Card
T00286,B00286,11868,Cash
T00287,B00287,18134,Cash
T00288,B00288,28028,Bank Transfer
T00289,B00289,22441,Card
T00290,B00290,21031,QR
T00291,B00291,49220,Bank Transfer
T00292,B00292,39818,QR
T00293,B00293,35407,Bank Transfer
T00294,B00294,47834,Cash
T00295,B00295,8866,Bank Transfer
T00296,B00296,47098,Cash
T00297,B00297,41127,Card
T00298,B00298,49515,Card
T00299,B00299,43514,Card
T00300,B00300,3031,QR
T00301,B00301,36644,QR
T00302,B00302,42705,Card
T00303,B00303,22235,Card
T00304,B00304,10935,QR
T00305,B00305,3769,Bank Transfer
T00306,B00306,34097,Cash
T00307,B00307,23456,QR
T00308,B00308,11349,QR
T00309,B00309,24972,QR
T00310,B00310,30001,QR
T00311,B00311,30021,Cash
T00312,B00312,7276,QR
T00313,B00313,16558,QR
T00314,B00314,3325,Cash
T00315,B00315,47334,Card
T00316,B00316,32269,Card
T00317,B00317,40824,Card
T00318,B00318,35516,Cash
T00319,B00319,30773,QR
T00320,B00320,27714,Bank Transfer
T00321,B00321,4715,Bank Transfer
T00322,B00322,42067,QR
T00323,B00323,40391,Card
T00324,B00324,18122,Cash
T00325,B00325,16562,Card
T00326,B00326,8538,Bank Transfer
T00327,B00327,13392,QR
T00328,B00328,12714,Cash
T00329,B00329,37412,Bank Transfer
T00330,B00330,4823,Cash
T00331,B00331,22453,Card
T00332,B00332,25909,Cash
T00333,B00333,20609,QR
T00334,B00334,7922,Card
T00335,B00335,48571,QR
T00336,B00336,18954,Bank Transfer
T00337,B00337,6940,Bank Transfer
T00338,B00338,46726,Cash
T00339,B00339,10665,Bank Transfer
T00340,B00340,24668,Card
T00341,B00341,48507,Cash
T00342,B00342,2563,Card
T00343,B00343,16830,Card
T00344,B00344,42337,Card
T00345,B00345,7187,Cash
T00346,B00346,6248,Cash
T00347,B00347,38207,Cash
T00348,B00348,37720,Cash
T00349,B00349,7302,Bank Transfer
T00350,B00350,47779,Cash
T00351,B00351,12998,Bank Transfer
T00352,B00352,48175,Card
T00353,B00353,7047,Cash
T00354,B00354,47431,Cash
T00355,B00355,34903,Cash
T00356,B00356,4517,Bank Transfer
T00357,B00357,21007,Card
T00358,B00358,12577,QR
T00359,B00359,35307,Cash
T00360,B00360,11865,Card
T00361,B00361,31630,Cash
T00362,B00362,16312,Bank Transfer
T00363,B00363,28778,QR
T00364,B00364,12768,Bank Transfer
T00365,B00365,37547,QR
T00366,B00366,18332,QR
T00367,B00367,44635,QR
T00368,B00368,27513,Card
T00369,B00369,17938,Bank Transfer
T00370,B00370,13558,QR
T00371,B00371,42978,Bank Transfer
T00372,B00372,39155,QR
T00373,B00373,37882,Cash
T00374,B00374,28864,Cash
T00375,B00375,25273,Cash
T00376,B00376,29375,Bank Transfer
T00377,B00377,37771,Cash
T00378,B00378,12268,Bank Transfer
T00379,B00379,5029,Bank Transfer
T00380,B00380,25880,Cash
T00381,B00381,49229,Cash
T00382,B00382,7558,Card
T00383,B00383,27739,QR
T00384,B00384,9085,Card
T00385,B00385,39102,Cash
T00386,B00386,15811,Card
T00387,B00387,40082,Card
T00388,B00388,19882,Bank Transfer
T00389,B00389,31166,QR
T00390,B00390,11389,Card
T00391,B00391,5787,Bank Transfer
T00392,B00392,48278,Cash
T00393,B00393,19283,Card
T00394,B00394,5448,Cash
T00395,B00395,10815,Cash
T00396,B00396,5390,Cash
T00397,B00397,14708,Card
T00398,B00398,30509,Bank Transfer
T00399,B00399,9692,Cash
T00400,B00400,19131,QR
T00401,B00401,38449,Card
T00402,B00402,34770,Card
T00403,B00403,16824,Cash
T00404,B00404,41945,QR
T00405,B00405,8273,Bank Transfer
T00406,B00406,15602,Cash
T00407,B00407,16110,QR
T00408,B00408,18520,Card
T00409,B00409,16279,Card
T00410,B00410,36040,Card
T00411,B00411,29504,Card
T00412,B00412,26742,Card
T00413,B00413,23880,QR
T00414,B00414,7865,QR
T00415,B00415,44631,Bank Transfer
T00416,B00416,30469,Cash
T00417,B00417,15906,Cash
T00418,B00418,25250,Card
T00419,B00419,45125,Cash
T00420,B00420,28368,Bank Transfer
T00421,B00421,13709,Cash
T00422,B00422,28587,Cash
T00423,B00423,5287,Card
T00424,B00424,13842,QR
T00425,B00425,24395,Bank Transfer
T00426,B00426,11377,Cash
T00427,B00427,48402,Card
T00428,B00428,44282,Card
T00429,B00429,14445,Cash
T00430,B00430,27346,Card
T00431,B00431,30544,QR
T00432,B00432,7734,Bank Transfer
T00433,B00433,42119,Card
T00434,B00434,43175,Bank Transfer
T00435,B00435,22694,Card
T00436,B00436,21032,Card
T00437,B00437,22905,Cash
T00438,B00438,21649,Card
T00439,B00439,25427,QR
T00440,B00440,41281,Card
T00441,B00441,20899,Card
T00442,B00442,27254,Card
T00443,B00443,10892,Bank Transfer
T00444,B00444,5439,Bank Transfer
T00445,B00445,20036,Cash
T00446,B00446,35741,Cash
T00447,B00447,39899,Card
T00448,B00448,49657,Card
T00449,B00449,38518,QR
T00450,B00450,15543,Bank Transfer
T00451,B00451,22750,QR
T00452,B00452,49682,Bank Transfer
T00453,B00453,10771,QR
T00454,B00454,27033,Cash
T00455,B00455,17253,Card
T00456,B00456,13792,Bank Transfer
T00457,B00457,2735,Card
T00458,B00458,27708,Cash
T00459,B00459,33899,Bank Transfer
T00460,B00460,42747,Cash
T00461,B00461,13176,Bank Transfer
T00462,B00462,39062,QR
T00463,B00463,49338,Cash
T00464,B00464,40086,Card
T00465,B00465,40372,Card
T00466,B00466,47677,QR
T00467,B00467,19766,Bank Transfer
T00468,B00468,17936,Card
T00469,B00469,26173,Card
T00470,B00470,42336,Card
T00471,B00471,7435,Card
T00472,B00472,46673,Bank Transfer
T00473,B00473,19714,QR
T00474,B00474,21196,Bank Transfer
T00475,B00475,20037,Card
T00476,B00476,46984,QR
T00477,B00477,26003,Cash
T00478,B00478,34207,Cash
T00479,B00479,24749,Cash
T00480,B00480,4243,Cash
T00481,B00481,2875,QR
T00482,B00482,46192,Card
T00483,B00483,37799,Cash
T00484,B00484,7857,QR
T00485,B00485,20207,QR
T00486,B00486,14281,Card
T00487,B00487,12049,Cash
T00488,B00488,11966,Cash
T00489,B00489,42443,QR
T00490,B00490,34892,Cash
T00491,B00491,18862,Cash
T00492,B00492,16730,Cash
T00493,B00493,3774,Cash
T00494,B00494,27497,QR
T00495,B00495,37772,QR
T00496,B00496,32570,QR
T00497,B00497,9001,Cash
T00498,B00498,10382,Cash
T00499,B00499,46476,QR
T00500,B00500,29307,Card
T00501,B00501,41969,Bank Transfer
T00502,B00502,38107,Cash
T00503,B00503,48599,Cash
T00504,B00504,21276,QR
T00505,B00505,46103,Cash
T00506,B00506,31646,QR
T00507,B00507,13975,QR
T00508,B00508,42607,QR
T00509,B00509,24580,QR
T00510,B00510,49986,Card
T00511,B00511,12963,Cash
T00512,B00512,41847,Cash
T00513,B00513,41192,Bank Transfer
T00514,B00514,6949,Cash
T00515,B00515,21248,Cash
T00516,B00516,39447,Cash
T00517,B00517,37240,Cash
T00518,B00518,11828,QR
T00519,B00519,14828,QR
T00520,B00520,40698,Cash
T00521,B00521,22151,QR
T00522,B00522,27739,QR
T00523,B00523,20174,Card
T00524,B00524,19670,QR
T00525,B00525,9779,Cash
T00526,B00526,18310,Bank Transfer
T00527,B00527,15220,Bank Transfer
T00528,B00528,26467,Bank Transfer
T00529,B00529,45020,QR
T00530,B00530,5883,QR
T00531,B00531,46338,QR
T00532,B00532,4344,Bank Transfer
T00533,B00533,15458,Bank Transfer
T00534,B00534,22207,Bank Transfer
T00535,B00535,6803,Cash
T00536,B00536,5335,Card
T00537,B00537,23350,Cash
T00538,B00538,17086,Cash
T00539,B00539,43200,Card
T00540,B00540,18942,Card
T00541,B00541,5107,Cash
T00542,B00542,20822,Cash
T00543,B00543,23544,QR
T00544,B00544,10632,Cash
T00545,B00545,35183,QR
T00546,B00546,47430,Bank Transfer
T00547,B00547,43954,Bank Transfer
T00548,B00548,38418,Cash
T00549,B00549,49954,Card
T00550,B00550,15573,Cash
T00551,B00551,38567,Cash
T00552,B00552,13112,Bank Transfer
T00553,B00553,46659,Card
T00554,B00554,43407,Card
T00555,B00555,37987,QR
T00556,B00556,24720,QR
T00557,B00557,49248,QR
T00558,B00558,44769,Card
T00559,B00559,44899,Bank Transfer
T00560,B00560,7095,Bank Transfer
T00561,B00561,41164,Card
T00562,B00562,31981,Bank Transfer
T00563,B00563,3080,Bank Transfer
T00564,B00564,46680,Cash
T00565,B00565,42314,Cash
T00566,B00566,48383,QR
T00567,B00567,25597,Cash
T00568,B00568,18761,Card
T00569,B00569,21790,Bank Transfer
T00570,B00570,8910,QR
T00571,B00571,21092,Cash
T00572,B00572,44118,Bank Transfer
T00573,B00573,21143,QR
T00574,B00574,22802,QR
T00575,B00575,25406,Card
T00576,B00576,12173,Bank Transfer
T00577,B00577,21008,Cash
T00578,B00578,13615,Bank Transfer
T00579,B00579,31338,Bank Transfer
T00580,B00580,38738,Card
T00581,B00581,12355,Bank Transfer
T00582,B00582,20088,QR
T00583,B00583,29118,Card
T00584,B00584,40468,Cash
T00585,B00585,43959,Bank Transfer
T00586,B00586,28621,Card
T00587,B00587,40755,Bank Transfer
T00588,B00588,18685,Card
T00589,B00589,36345,Bank Transfer
T00590,B00590,26354,QR
T00591,B00591,15424,QR
T00592,B00592,29436,QR
T00593,B00593,42400,Bank Transfer
T00594,B00594,30335,Cash
T00595,B00595,9952,Cash
T00596,B00596,18060,Cash
T00597,B00597,20901,Card
T00598,B00598,44655,Bank Transfer
T00599,B00599,13475,QR
T00600,B00600,34561,Cash
T00601,B00601,9483,Cash
T00602,B00602,37395,QR
T00603,B00603,39161,QR
T00604,B00604,32377,Bank Transfer
T00605,B00605,34449,Card
T00606,B00606,9162,Card
T00607,B00607,32766,QR
T00608,B00608,34177,Card
T00609,B00609,16919,QR
T00610,B00610,26209,Cash
T00611,B00611,32335,Cash
T00612,B00612,40580,Cash
T00613,B00613,39419,QR
T00614,B00614,39795,QR
T00615,B00615,44317,QR
T00616,B00616,14950,Bank Transfer
T00617,B00617,49188,QR
T00618,B00618,44111,Bank Transfer
T00619,B00619,40508,Cash
T00620,B00620,41743,Card
T00621,B00621,27251,Bank Transfer
T00622,B00622,46372,Card
T00623,B00623,13179,Cash
T00624,B00624,29537,Bank Transfer
T00625,B00625,44955,Bank Transfer
T00626,B00626,12837,Bank Transfer
T00627,B00627,11473,Cash
T00628,B00628,10139,Bank Transfer
T00629,B00629,37105,QR
T00630,B00630,20826,Bank Transfer
T00631,B00631,45016,Bank Transfer
T00632,B00632,11194,Card
T00633,B00633,45102,QR
T00634,B00634,23563,Card
T00635,B00635,5298,Cash
T00636,B00636,36964,Cash
T00637,B00637,42462,Cash
T00638,B00638,44589,Card
T00639,B00639,28156,Card
T00640,B00640,8699,Cash
T00641,B00641,29402,Card
T00642,B00642,24973,Cash
T00643,B00643,22702,Cash
T00644,B00644,43838,Bank Transfer
T00645,B00645,6264,Cash
T00646,B00646,20611,Bank Transfer
T00647,B00647,19933,Card
T00648,B00648,31120,Cash
T00649,B00649,14457,Card
T00650,B00650,16795,Card
T00651,B00651,4556,Cash
T00652,B00652,30590,Bank Transfer
T00653,B00653,33630,Card
T00654,B00654,7838,Card
T00655,B00655,6229,Cash
T00656,B00656,37462,Cash
T00657,B00657,33842,Card
T00658,B00658,37158,Bank Transfer
T00659,B00659,35564,Card
T00660,B00660,34115,Card
T00661,B00661,37869,QR
T00662,B00662,14674,Cash
T00663,B00663,31686,Cash
T00664,B00664,4786,Bank Transfer
T00665,B00665,30130,Bank Transfer
T00666,B00666,37761,QR
T00667,B00667,35480,Bank Transfer
T00668,B00668,45663,Cash
T00669,B00669,35323,Bank Transfer
T00670,B00670,3674,Cash
T00671,B00671,30434,Card
T00672,B00672,21350,Card
T00673,B00673,34615,Cash
T00674,B00674,49701,Cash
T00675,B00675,16222,Bank Transfer
T00676,B00676,44243,Cash
T00677,B00677,30249,QR
T00678,B00678,10884,Card
T00679,B00679,23604,Bank Transfer
T00680,B00680,17641,Bank Transfer
T00681,B00681,31710,QR
T00682,B00682,18749,Cash
T00683,B00683,46973,Bank Transfer
T00684,B00684,17228,QR
T00685,B00685,11886,Bank Transfer
T00686,B00686,42493,Card
T00687,B00687,26228,Card
T00688,B00688,33123,Cash
T00689,B00689,49533,Bank Transfer
T00690,B00690,4812,QR
T00691,B00691,41330,Bank Transfer
T00692,B00692,42847,Cash
T00693,B00693,27040,Bank Transfer
T00694,B00694,23433,Cash
T00695,B00695,43642,Cash
T00696,B00696,26233,Card
T00697,B00697,20384,QR
T00698,B00698,5369,Bank Transfer
T00699,B00699,6168,Cash
T00700,B00700,33340,Card
T00701,B00701,47353,Card
T00702,B00702,23910,QR
T00703,B00703,9756,Cash
T00704,B00704,40450,Cash
T00705,B00705,3716,Card
T00706,B00706,25382,Bank Transfer
T00707,B00707,41110,QR
T00708,B00708,14208,Cash
T00709,B00709,22618,Cash
T00710,B00710,19978,QR
T00711,B00711,25217,Bank Transfer
T00712,B00712,28845,Bank Transfer
T00713,B00713,18023,Card
T00714,B00714,27654,Card
T00715,B00715,48884,Bank Transfer
T00716,B00716,38924,QR
T00717,B00717,46821,Bank Transfer
T00718,B00718,16282,Cash
T00719,B00719,2629,Card
T00720,B00720,29358,Bank Transfer
T00721,B00721,24452,Bank Transfer
T00722,B00722,9123,Card
T00723,B00723,29252,Cash
T00724,B00724,11061,QR
T00725,B00725,16624,QR
T00726,B00726,28973,Cash
T00727,B00727,12576,Card
T00728,B00728,4051,Bank Transfer
T00729,B00729,14795,Card
T00730,B00730,25373,QR
T00731,B00731,34767,Card
T00732,B00732,11167,QR
T00733,B00733,6648,Card
T00734,B00734,35654,Cash
T00735,B00735,12854,QR
T00736,B00736,43390,Bank Transfer
T00737,B00737,12067,QR
T00738,B00738,9182,Cash
T00739,B00739,44640,QR
T00740,B00740,47013,Card
T00741,B00741,14646,Cash
T00742,B00742,42209,Bank Transfer
T00743,B00743,39918,Card
T00744,B00744,25997,QR
T00745,B00745,49119,QR
T00746,B00746,49689,Card
T00747,B00747,44248,Cash
T00748,B00748,17675,Cash
T00749,B00749,30020,Card
T00750,B00750,34785,QR
T00751,B00751,11869,QR
T00752,B00752,30965,Card
T00753,B00753,22685,Bank Transfer
T00754,B00754,34969,Cash
T00755,B00755,45337,Bank Transfer
T00756,B00756,26166,Cash
T00757,B00757,20242,Card
T00758,B00758,48414,Cash
T00759,B00759,34844,Cash
T00760,B00760,36769,Bank Transfer
T00761,B00761,26977,QR
T00762,B00762,23367,Bank Transfer
T00763,B00763,33880,Bank Transfer
T00764,B00764,44080,QR
T00765,B00765,12414,Cash
T00766,B00766,38541,Cash
T00767,B00767,21765,Bank Transfer
T00768,B00768,48140,Card
T00769,B00769,45118,QR
T00770,B00770,16072,Card
T00771,B00771,42841,Bank Transfer
T00772,B00772,44203,Card
T00773,B00773,36134,Cash
T00774,B00774,33101,Bank Transfer
T00775,B00775,31314,Bank Transfer
T00776,B00776,28041,QR
T00777,B00777,4693,Cash
T00778,B00778,20133,Cash
T00779,B00779,33288,Card
T00780,B00780,14439,Bank Transfer
T00781,B00781,29223,Cash
T00782,B00782,37619,Cash
T00783,B00783,3668,QR
T00784,B00784,14209,QR
T00785,B00785,19983,Cash
T00786,B00786,22683,Bank Transfer
T00787,B00787,49824,Cash
T00788,B00788,14760,QR
T00789,B00789,35706,Cash
T00790,B00790,7076,QR
T00791,B00791,14083,QR
T00792,B00792,14396,Bank Transfer
T00793,B00793,34600,QR
T00794,B00794,22753,Bank Transfer
T00795,B00795,40867,Card
T00796,B00796,47496,Cash
T00797,B00797,40308,Cash
T00798,B00798,44032,QR
T00799,B00799,26344,Cash
T00800,B00800,11540,QR
T00801,B00801,14460,Card
T00802,B00802,4208,Card
T00803,B00803,42220,Card
T00804,B00804,41086,Bank Transfer
T00805,B00805,42867,Cash
T00806,B00806,16228,Cash
T00807,B00807,7047,Cash
T00808,B00808,38715,Card
T00809,B00809,33107,QR
T00810,B00810,16925,Cash
T00811,B00811,39988,Bank Transfer
T00812,B00812,6415,Card
T00813,B00813,24547,Cash
T00814,B00814,25705,QR
T00815,B00815,36743,QR
T00816,B00816,45762,Cash
T00817,B00817,7369,Cash
T00818,B00818,14293,QR
T00819,B00819,46802,Bank Transfer
T00820,B00820,4869,Card
T00821,B00821,9651,Bank Transfer
T00822,B00822,2805,QR
T00823,B00823,22193,Card
T00824,B00824,14204,Cash
T00825,B00825,32428,Card
T00826,B00826,2788,Cash
T00827,B00827,24008,Bank Transfer
T00828,B00828,11020,QR
T00829,B00829,19971,QR
T00830,B00830,22300,QR
T00831,B00831,7665,QR
T00832,B00832,47117,QR
T00833,B00833,18596,Card
T00834,B00834,17112,Bank Transfer
T00835,B00835,39046,Cash
T00836,B00836,37604,Cash
T00837,B00837,18846,QR
T00838,B00838,11565,Bank Transfer
T00839,B00839,33390,Cash
T00840,B00840,4025,QR
T00841,B00841,15674,Bank Transfer
T00842,B00842,49293,Card
T00843,B00843,42592,Cash
T00844,B00844,21973,Card
T00845,B00845,14491,Card
T00846,B00846,39129,Card
T00847,B00847,6806,Card
T00848,B00848,49299,Bank Transfer
T00849,B00849,19023,Cash
T00850,B00850,34753,Cash
T00851,B00851,14235,QR
T00852,B00852,4337,Card
T00853,B00853,47323,Cash
T00854,B00854,30371,Bank Transfer
T00855,B00855,28469,Card
T00856,B00856,17431,Cash
T00857,B00857,35101,Card
T00858,B00858,42006,Card
T00859,B00859,16310,Bank Transfer
T00860,B00860,2783,Card
T00861,B00861,38304,QR
T00862,B00862,26369,QR
T00863,B00863,37698,Bank Transfer
T00864,B00864,8159,Cash
T00865,B00865,48979,Card
T00866,B00866,45901,Card
T00867,B00867,6105,Bank Transfer
T00868,B00868,34816,Card
T00869,B00869,19387,Cash
T00870,B00870,21058,Bank Transfer
T00871,B00871,10669,Bank Transfer
T00872,B00872,46728,Bank Transfer
T00873,B00873,40377,Card
T00874,B00874,11531,Bank Transfer
T00875,B00875,42463,Card
T00876,B00876,10037,Bank Transfer
T00877,B00877,25863,QR
T00878,B00878,18415,Bank Transfer
T00879,B00879,39524,Cash
T00880,B00880,12382,Card
T00881,B00881,26499,Card
T00882,B00882,8797,Card
T00883,B00883,13548,Card
T00884,B00884,3408,QR
T00885,B00885,4145,Cash
T00886,B00886,8596,Bank Transfer
T00887,B00887,23289,QR
T00888,B00888,4953,QR
T00889,B00889,27705,Cash
T00890,B00890,19852,QR
T00891,B00891,3155,Cash
T00892,B00892,43143,Cash
T00893,B00893,29727,QR
T00894,B00894,2561,QR
T00895,B00895,37697,Card
T00896,B00896,23169,Bank Transfer
T00897,B00897,3018,Bank Transfer
T00898,B00898,41319,QR
T00899,B00899,27460,Bank Transfer
T00900,B00900,31512,Card
T00901,B00901,21452,Card
T00902,B00902,44998,QR
T00903,B00903,43819,Cash
T00904,B00904,49725,QR
T00905,B00905,25831,Cash
T00906,B00906,15267,QR
T00907,B00907,2253,Card
T00908,B00908,41669,Card
T00909,B00909,24236,QR
T00910,B00910,30599,Card
T00911,B00911,38454,Card
T00912,B00912,27137,QR
T00913,B00913,49419,Cash
T00914,B00914,43197,Bank Transfer
T00915,B00915,25550,Bank Transfer
T00916,B00916,32008,QR
T00917,B00917,47136,Card
T00918,B00918,25535,Card
T00919,B00919,16807,Cash
T00920,B00920,3857,Bank Transfer
T00921,B00921,46886,Bank Transfer
T00922,B00922,15381,QR
T00923,B00923,7143,Cash
T00924,B00924,43137,Cash
T00925,B00925,24019,Bank Transfer
T00926,B00926,25712,Bank Transfer
T00927,B00927,46247,QR
T00928,B00928,10411,Bank Transfer
T00929,B00929,32713,Bank Transfer
T00930,B00930,45185,Bank Transfer
T00931,B00931,36467,Bank Transfer
T00932,B00932,43745,Bank Transfer
T00933,B00933,44215,QR
T00934,B00934,29530,Bank Transfer
T00935,B00935,27929,Card
T00936,B00936,18576,Cash
T00937,B00937,4023,Cash
T00938,B00938,46986,Card
T00939,B00939,22841,Card
T00940,B00940,3317,QR
T00941,B00941,45100,Bank Transfer
T00942,B00942,2259,Cash
T00943,B00943,31197,QR
T00944,B00944,19929,Cash
T00945,B00945,34993,QR
T00946,B00946,18842,Bank Transfer
T00947,B00947,28243,Card
T00948,B00948,34275,QR
T00949,B00949,45133,Card
T00950,B00950,17288,Bank Transfer
T00951,B00951,18748,Card
T00952,B00952,31230,Bank Transfer
T00953,B00953,45872,Card
T00954,B00954,17831,QR
T00955,B00955,20395,QR
T00956,B00956,8062,Bank Transfer
T00957,B00957,34745,Bank Transfer
T00958,B00958,47787,Cash
T00959,B00959,35593,Bank Transfer
T00960,B00960,33357,Card
T00961,B00961,9528,Card
T00962,B00962,9554,Bank Transfer
T00963,B00963,26290,Bank Transfer
T00964,B00964,6631,Cash
T00965,B00965,35385,Card
T00966,B00966,10687,Card
T00967,B00967,24054,QR
T00968,B00968,41775,Card
T00969,B00969,11358,Bank Transfer
T00970,B00970,7973,Bank Transfer
T00971,B00971,41455,Card
T00972,B00972,16497,Cash
T00973,B00973,7599,QR
T00974,B00974,33914,Bank Transfer
T00975,B00975,38673,Cash
T00976,B00976,39372,Card
T00977,B00977,23888,Bank Transfer
T00978,B00978,10244,Bank Transfer
T00979,B00979,30595,QR
T00980,B00980,7694,QR
T00981,B00981,49763,Cash
T00982,B00982,46578,Cash
T00983,B00983,8762,QR
T00984,B00984,13069,Cash
T00985,B00985,18803,QR
T00986,B00986,4481,Bank Transfer
T00987,B00987,27559,QR
T00988,B00988,17489,Bank Transfer
T00989,B00989,11084,QR
T00990,B00990,9237,QR
T00991,B00991,9634,Cash
T00992,B00992,40229,Bank Transfer
T00993,B00993,17328,QR
T00994,B00994,44942,Bank Transfer
T00995,B00995,48599,Cash
T00996,B00996,42704,Cash
T00997,B00997,19688,Card
T00998,B00998,48849,Card
T00999,B00999,16777,Cash
T01000,B01000,29402,Bank Transfer
T01001,B01001,17379,Cash
T01002,B01002,49297,QR
T01003,B01003,44906,Cash
T01004,B01004,19633,QR
T01005,B01005,46906,Bank Transfer
T01006,B01006,21053,Cash
T01007,B01007,45912,Cash
T01008,B01008,10205,Bank Transfer
T01009,B01009,28109,Card
T01010,B01010,6554,Card
T01011,B01011,48386,Bank Transfer
T01012,B01012,39766,QR
T01013,B01013,40328,Card
T01014,B01014,34463,Bank Transfer
T01015,B01015,7548,QR
T01016,B01016,48899,QR
T01017,B01017,7914,QR
T01018,B01018,19466,Bank Transfer
T01019,B01019,7208,Bank Transfer
T01020,B01020,17829,Card
T01021,B01021,29198,QR
T01022,B01022,2723,QR
T01023,B01023,34202,Bank Transfer
T01024,B01024,15328,QR
T01025,B01025,24456,QR
T01026,B01026,8746,Cash
T01027,B01027,29896,QR
T01028,B01028,29943,Bank Transfer
T01029,B01029,30461,QR
T01030,B01030,30842,Bank Transfer
T01031,B01031,42989,Bank Transfer
T01032,B01032,5864,Card
T01033,B01033,24882,Bank Transfer
T01034,B01034,42231,QR
T01035,B01035,24642,Cash
T01036,B01036,48599,QR
T01037,B01037,45030,Bank Transfer
T01038,B01038,11220,QR
T01039,B01039,49145,Cash
T01040,B01040,17988,Bank Transfer
T01041,B01041,26573,Cash
T01042,B01042,16593,Card
T01043,B01043,7008,Bank Transfer
T01044,B01044,30740,QR
T01045,B01045,27161,Cash
T01046,B01046,27006,QR
T01047,B01047,16263,Card
T01048,B01048,9566,QR
T01049,B01049,47594,QR
T01050,B01050,47096,Cash
T01051,B01051,17089,Bank Transfer
T01052,B01052,45663,QR
T01053,B01053,40253,QR
T01054,B01054,2613,Bank Transfer
T01055,B01055,5364,Bank Transfer
T01056,B01056,37988,Cash
T01057,B01057,30968,Cash
T01058,B01058,10001,QR
T01059,B01059,20230,Bank Transfer
T01060,B01060,6818,Bank Transfer
T01061,B01061,27220,Bank Transfer
T01062,B01062,20817,Bank Transfer
T01063,B01063,13784,QR
T01064,B01064,31055,Cash
T01065,B01065,29251,QR
T01066,B01066,8169,Bank Transfer
T01067,B01067,32379,Bank Transfer
T01068,B01068,24227,Bank Transfer
T01069,B01069,33379,QR
T01070,B01070,33631,Card
T01071,B01071,45611,Cash
T01072,B01072,34754,QR
T01073,B01073,36005,Card
T01074,B01074,7930,Bank Transfer
T01075,B01075,31143,Bank Transfer
T01076,B01076,29138,QR
T01077,B01077,39734,Bank Transfer
T01078,B01078,26944,QR
T01079,B01079,49721,Cash
T01080,B01080,35989,Card
T01081,B01081,47963,Bank Transfer
T01082,B01082,8107,Bank Transfer
T01083,B01083,19953,Bank Transfer
T01084,B01084,15747,Cash
T01085,B01085,15874,QR
T01086,B01086,12737,Card
T01087,B01087,2050,Bank Transfer
T01088,B01088,49369,Bank Transfer
T01089,B01089,41273,Card
T01090,B01090,16677,Card
T01091,B01091,35686,Cash
T01092,B01092,33632,QR
T01093,B01093,8335,QR
T01094,B01094,21569,Cash
T01095,B01095,48676,Card
T01096,B01096,32135,Cash
T01097,B01097,29727,QR
T01098,B01098,14285,Card
T01099,B01099,47040,Card
T01100,B01100,36296,QR
T01101,B01101,16422,Cash
T01102,B01102,37677,Card
T01103,B01103,11296,Card
T01104,B01104,7578,Bank Transfer
T01105,B01105,11744,Cash
T01106,B01106,6683,Card
T01107,B01107,32662,Card
T01108,B01108,11576,Cash
T01109,B01109,21175,QR
T01110,B01110,4092,Card
T01111,B01111,2512,Bank Transfer
T01112,B01112,26227,QR
T01113,B01113,34213,Bank Transfer
T01114,B01114,16583,Cash
T01115,B01115,36632,QR
T01116,B01116,15958,Card
T01117,B01117,5717,Bank Transfer
T01118,B01118,7257,Card
T01119,B01119,27433,QR
T01120,B01120,32995,QR
T01121,B01121,44866,Bank Transfer
T01122,B01122,42099,Card
T01123,B01123,38824,QR
T01124,B01124,35747,Card
T01125,B01125,13074,QR
T01126,B01126,13773,Card
T01127,B01127,6004,QR
T01128,B01128,45780,QR
T01129,B01129,26102,QR
T01130,B01130,26538,Card
T01131,B01131,10720,Card
T01132,B01132,48956,Cash
T01133,B01133,11443,Card
T01134,B01134,13743,Cash
T01135,B01135,42787,QR
T01136,B01136,35759,Card
T01137,B01137,26584,Bank Transfer
T01138,B01138,34649,Bank Transfer
T01139,B01139,16392,Bank Transfer
T01140,B01140,34035,Card
T01141,B01141,41542,Cash
T01142,B01142,20575,Card
T01143,B01143,42534,Card
T01144,B01144,48272,Bank Transfer
T01145,B01145,45542,QR
T01146,B01146,35345,Card
T01147,B01147,22742,Cash
T01148,B01148,21323,QR
T01149,B01149,35446,QR
T01150,B01150,12250,Card
T01151,B01151,2987,QR
T01152,B01152,39280,Bank Transfer
T01153,B01153,22120,Cash
T01154,B01154,35259,Card
T01155,B01155,35778,QR
T01156,B01156,48346,QR
T01157,B01157,32262,Bank Transfer
T01158,B01158,36080,QR
T01159,B01159,47711,Bank Transfer
T01160,B01160,16002,Bank Transfer
T01161,B01161,5392,Cash
T01162,B01162,48496,QR
T01163,B01163,21221,QR
T01164,B01164,8940,Cash
T01165,B01165,6881,Cash
T01166,B01166,6879,Bank Transfer
T01167,B01167,6538,Card
T01168,B01168,17908,Card
T01169,B01169,36944,Cash
T01170,B01170,45086,Bank Transfer
T01171,B01171,8802,QR
T01172,B01172,3480,Bank Transfer
T01173,B01173,47579,Cash
T01174,B01174,9169,Bank Transfer
T01175,B01175,39181,Cash
T01176,B01176,49683,Card
T01177,B01177,24562,QR
T01178,B01178,34582,Cash
T01179,B01179,23571,Cash
T01180,B01180,36796,Card
T01181,B01181,3159,QR
T01182,B01182,40253,Card
T01183,B01183,21239,Cash
T01184,B01184,40193,Cash
T01185,B01185,49459,Card
T01186,B01186,19649,Cash
T01187,B01187,6779,QR
T01188,B01188,7652,QR
T01189,B01189,38357,QR
T01190,B01190,10075,QR
T01191,B01191,8399,Bank Transfer
T01192,B01192,18505,Bank Transfer
T01193,B01193,45571,Bank Transfer
T01194,B01194,4122,Cash
T01195,B01195,2812,Bank Transfer
T01196,B01196,19044,Card
T01197,B01197,39969,Bank Transfer
T01198,B01198,32792,Cash
T01199,B01199,26448,Cash
T01200,B01200,22216,Bank Transfer
T01201,B01201,40271,QR
T01202,B01202,44969,Bank Transfer
T01203,B01203,34998,QR
T01204,B01204,30405,Bank Transfer
T01205,B01205,3275,Bank Transfer
T01206,B01206,39856,Card
T01207,B01207,47966,Card
T01208,B01208,7985,Bank Transfer
T01209,B01209,12602,QR
T01210,B01210,42111,Bank Transfer
T01211,B01211,42055,Cash
T01212,B01212,17134,Card
T01213,B01213,23227,Cash
T01214,B01214,43845,Bank Transfer
T01215,B01215,45316,Bank Transfer
T01216,B01216,45304,Cash
T01217,B01217,13742,Card
T01218,B01218,7845,Bank Transfer
T01219,B01219,21833,Bank Transfer
T01220,B01220,39720,QR
T01221,B01221,31844,Card
T01222,B01222,22469,QR
T01223,B01223,8662,Cash
T01224,B01224,41295,Card
T01225,B01225,27398,Cash
T01226,B01226,10289,Bank Transfer
T01227,B01227,31200,QR
T01228,B01228,40569,Bank Transfer
T01229,B01229,48707,Bank Transfer
T01230,B01230,11462,Bank Transfer
T01231,B01231,5380,Card
T01232,B01232,24574,Bank Transfer
T01233,B01233,37913,QR
T01234,B01234,19092,QR
T01235,B01235,9863,QR
T01236,B01236,11535,Bank Transfer
T01237,B01237,32137,Bank Transfer
T01238,B01238,2471,Card
T01239,B01239,12110,Card
T01240,B01240,19467,Cash
T01241,B01241,48914,Bank Transfer
T01242,B01242,22973,Cash
T01243,B01243,4207,Card
T01244,B01244,34388,Cash
T01245,B01245,45878,Cash
T01246,B01246,40668,QR
T01247,B01247,25086,Card
T01248,B01248,32124,Bank Transfer
T01249,B01249,11323,QR
T01250,B01250,14411,Cash
T01251,B01251,47275,QR
T01252,B01252,41522,Bank Transfer
T01253,B01253,36284,QR
T01254,B01254,37003,QR
T01255,B01255,6071,QR
T01256,B01256,47784,Cash
T01257,B01257,11170,Cash
T01258,B01258,5258,QR
T01259,B01259,28033,QR
T01260,B01260,14056,Cash
T01261,B01261,23427,Cash
T01262,B01262,49694,QR
T01263,B01263,19286,QR
T01264,B01264,21583,Cash
T01265,B01265,34554,Cash
T01266,B01266,21966,Bank Transfer
T01267,B01267,37632,QR
T01268,B01268,23292,Card
T01269,B01269,2929,Card
T01270,B01270,14764,QR
T01271,B01271,31696,Card
T01272,B01272,44839,Bank Transfer
T01273,B01273,21555,Cash
T01274,B01274,29918,Cash
T01275,B01275,39437,Card
T01276,B01276,49091,Bank Transfer
T01277,B01277,33303,QR
T01278,B01278,19016,Card
T01279,B01279,43155,Bank Transfer
T01280,B01280,21013,Bank Transfer
T01281,B01281,8037,Bank Transfer
T01282,B01282,27446,Cash
T01283,B01283,26067,Card
T01284,B01284,48689,QR
T01285,B01285,37266,Bank Transfer
T01286,B01286,30020,Bank Transfer
T01287,B01287,27140,Bank Transfer
T01288,B01288,39856,Cash
T01289,B01289,14847,Cash
T01290,B01290,31561,QR
T01291,B01291,29200,QR
T01292,B01292,35321,Card
T01293,B01293,33998,Cash
T01294,B01294,34014,Cash
T01295,B01295,38362,QR
T01296,B01296,39779,Card
T01297,B01297,12280,QR
T01298,B01298,33323,QR
T01299,B01299,4535,Bank Transfer
T01300,B01300,26419,Cash
T01301,B01301,35757,Cash
T01302,B01302,31618,Bank Transfer
T01303,B01303,19361,Card
T01304,B01304,9590,Bank Transfer
T01305,B01305,13625,QR
T01306,B01306,40728,QR
T01307,B01307,14429,Bank Transfer
T01308,B01308,31373,Card
T01309,B01309,8087,Bank Transfer
T01310,B01310,17648,Bank Transfer
T01311,B01311,41881,Card
T01312,B01312,27304,Cash
T01313,B01313,49880,QR
T01314,B01314,38509,Cash
T01315,B01315,42172,QR
T01316,B01316,40637,QR
T01317,B01317,9934,Bank Transfer
T01318,B01318,49424,Card
T01319,B01319,41705,QR
T01320,B01320,21124,Cash
T01321,B01321,2525,Bank Transfer
T01322,B01322,46331,Bank Transfer
T01323,B01323,2757,Card
T01324,B01324,12734,Card
T01325,B01325,5663,QR
T01326,B01326,46103,QR
T01327,B01327,37021,Cash
T01328,B01328,8186,QR
T01329,B01329,12677,QR
T01330,B01330,47821,Card
T01331,B01331,38798,Bank Transfer
T01332,B01332,33045,Card
T01333,B01333,36219,Cash
T01334,B01334,44710,Bank Transfer
T01335,B01335,37497,Bank Transfer
T01336,B01336,31181,QR
T01337,B01337,42629,Bank Transfer
T01338,B01338,37074,QR
T01339,B01339,4587,QR
T01340,B01340,43044,Cash
T01341,B01341,47953,Card
T01342,B01342,17939,QR
T01343,B01343,30880,Card
T01344,B01344,49097,Cash
T01345,B01345,46967,QR
T01346,B01346,11820,QR
T01347,B01347,3417,Cash
T01348,B01348,38028,Bank Transfer
T01349,B01349,40047,Card
T01350,B01350,10846,Cash
T01351,B01351,40035,Card
T01352,B01352,45060,QR
T01353,B01353,30750,Cash
T01354,B01354,33880,Cash
T01355,B01355,8771,Cash
T01356,B01356,45471,Bank Transfer
T01357,B01357,43266,Card
T01358,B01358,38488,QR
T01359,B01359,47084,Cash
T01360,B01360,46744,Card
T01361,B01361,15173,QR
T01362,B01362,36017,Cash
T01363,B01363,13476,Bank Transfer
T01364,B01364,15503,Cash
T01365,B01365,18076,QR
T01366,B01366,31348,Cash
T01367,B01367,41810,Cash
T01368,B01368,3366,QR
T01369,B01369,25114,Card
T01370,B01370,30988,Card
T01371,B01371,5219,Cash
T01372,B01372,16094,Cash
T01373,B01373,41105,Bank Transfer
T01374,B01374,25009,QR
T01375,B01375,16260,QR
T01376,B01376,14428,Card
T01377,B01377,6678,QR
T01378,B01378,15735,Cash
T01379,B01379,37953,QR
T01380,B01380,27542,Card
T01381,B01381,49859,QR
T01382,B01382,28330,Bank Transfer
T01383,B01383,45301,Bank Transfer
T01384,B01384,31597,QR
T01385,B01385,44029,Cash
T01386,B01386,38104,Card
T01387,B01387,7389,Card
T01388,B01388,4782,QR
T01389,B01389,12463,QR
T01390,B01390,28148,Card
T01391,B01391,36841,Bank Transfer
T01392,B01392,9075,Card
T01393,B01393,15796,Cash
T01394,B01394,17225,Cash
T01395,B01395,28846,Card
T01396,B01396,13296,Cash
T01397,B01397,3885,QR
T01398,B01398,37834,Bank Transfer
T01399,B01399,30066,Card
T01400,B01400,24345,Cash
T01401,B01401,11272,Bank Transfer
T01402,B01402,35571,Cash
T01403,B01403,40883,Cash
T01404,B01404,4661,Bank Transfer
T01405,B01405,23384,QR
T01406,B01406,36235,Cash
T01407,B01407,5634,Bank Transfer
T01408,B01408,26810,QR
T01409,B01409,20976,QR
T01410,B01410,23221,Card
T01411,B01411,46222,Card
T01412,B01412,8717,Cash
T01413,B01413,26267,Cash
T01414,B01414,46543,Cash
T01415,B01415,12758,Cash
T01416,B01416,19060,Bank Transfer
T01417,B01417,43530,Bank Transfer
T01418,B01418,5095,QR
T01419,B01419,9223,QR
T01420,B01420,2202,Card
T01421,B01421,20116,QR
T01422,B01422,24941,Card
T01423,B01423,39606,QR
T01424,B01424,27446,Card
T01425,B01425,26672,QR
T01426,B01426,15413,QR
T01427,B01427,44047,Card
T01428,B01428,43240,Bank Transfer
T01429,B01429,38850,QR
T01430,B01430,25568,QR
T01431,B01431,31272,Bank Transfer
T01432,B01432,25801,QR
T01433,B01433,18789,Card
T01434,B01434,10238,Bank Transfer
T01435,B01435,26277,Cash
T01436,B01436,6119,QR
T01437,B01437,31699,Card
T01438,B01438,34818,Card
T01439,B01439,26326,Card
T01440,B01440,15747,Bank Transfer
T01441,B01441,2501,Cash
T01442,B01442,39898,Cash
T01443,B01443,5512,Cash
T01444,B01444,40363,Bank Transfer
T01445,B01445,41307,QR
T01446,B01446,33856,Cash
T01447,B01447,27371,Cash
T01448,B01448,33808,QR
T01449,B01449,12497,Cash
T01450,B01450,31837,QR
T01451,B01451,15986,Bank Transfer
T01452,B01452,7801,Card
T01453,B01453,25619,Cash
T01454,B01454,33353,Bank Transfer
T01455,B01455,38415,QR
T01456,B01456,5451,Cash
T01457,B01457,20057,Card
T01458,B01458,19868,Bank Transfer
T01459,B01459,43391,Card
T01460,B01460,10715,QR
T01461,B01461,17209,Card
T01462,B01462,22609,Cash
T01463,B01463,32177,QR
T01464,B01464,5973,Cash
T01465,B01465,24565,QR
T01466,B01466,37382,Bank Transfer
T01467,B01467,3307,QR
T01468,B01468,49538,QR
T01469,B01469,27669,QR
T01470,B01470,22217,Card
T01471,B01471,14230,Card
T01472,B01472,6312,Bank Transfer
T01473,B01473,48730,Bank Transfer
T01474,B01474,7992,Card
T01475,B01475,5324,Bank Transfer
T01476,B01476,40799,Cash
T01477,B01477,49783,QR
T01478,B01478,22920,Card
T01479,B01479,20684,Cash
T01480,B01480,43635,QR
T01481,B01481,33144,Bank Transfer
T01482,B01482,48056,QR
T01483,B01483,11467,QR
T01484,B01484,33317,Bank Transfer
T01485,B01485,17951,Bank Transfer
T01486,B01486,40780,QR
T01487,B01487,20306,Cash
T01488,B01488,42421,Card
T01489,B01489,35782,QR
T01490,B01490,29766,QR
T01491,B01491,39615,Cash
T01492,B01492,18201,Cash
T01493,B01493,42376,QR
T01494,B01494,43729,Bank Transfer
T01495,B01495,23955,QR
T01496,B01496,2448,Bank Transfer
T01497,B01497,37305,Bank Transfer
T01498,B01498,33325,QR
T01499,B01499,33743,Card
T01500,B01500,34573,QR
T01501,B01501,30692,Card
T01502,B01502,30625,QR
T01503,B01503,2530,Bank Transfer
T01504,B01504,24589,Cash
T01505,B01505,29218,Card
T01506,B01506,14622,QR
T01507,B01507,11855,Bank Transfer
T01508,B01508,13578,Bank Transfer
T01509,B01509,17645,QR
T01510,B01510,45756,Cash
T01511,B01511,43594,Card
T01512,B01512,43160,Cash
T01513,B01513,21106,Bank Transfer
T01514,B01514,30764,QR
T01515,B01515,41127,Card
T01516,B01516,5987,Bank Transfer
T01517,B01517,46911,Card
T01518,B01518,5825,Card
T01519,B01519,21304,Cash
T01520,B01520,31307,Cash
T01521,B01521,49110,Bank Transfer
T01522,B01522,33192,Bank Transfer
T01523,B01523,22171,Card
T01524,B01524,5370,Cash
T01525,B01525,36672,Bank Transfer
T01526,B01526,18342,QR
T01527,B01527,9044,Card
T01528,B01528,12650,QR
T01529,B01529,26363,Card
T01530,B01530,14398,Card
T01531,B01531,20196,Cash
T01532,B01532,16002,QR
T01533,B01533,16487,Card
T01534,B01534,12211,Card
T01535,B01535,16145,Cash
T01536,B01536,4133,Bank Transfer
T01537,B01537,42444,Card
T01538,B01538,33805,Card
T01539,B01539,3623,Card
T01540,B01540,10041,QR
T01541,B01541,40524,Bank Transfer
T01542,B01542,29034,Cash
T01543,B01543,31427,QR
T01544,B01544,37253,Card
T01545,B01545,2682,Bank Transfer
T01546,B01546,18912,Cash
T01547,B01547,4719,QR
T01548,B01548,18987,QR
T01549,B01549,46790,Bank Transfer
T01550,B01550,26183,QR
T01551,B01551,16745,Bank Transfer
T01552,B01552,45264,Bank Transfer
T01553,B01553,3799,QR
T01554,B01554,16959,QR
T01555,B01555,6887,QR
T01556,B01556,19056,Cash
T01557,B01557,34377,Cash
T01558,B01558,37670,QR
T01559,B01559,34181,QR
T01560,B01560,7313,Card
T01561,B01561,4534,Cash
T01562,B01562,27058,Bank Transfer
T01563,B01563,8449,Cash
T01564,B01564,36964,Bank Transfer
T01565,B01565,43391,Card
T01566,B01566,2356,Cash
T01567,B01567,46917,Bank Transfer
T01568,B01568,6552,Card
T01569,B01569,40905,Bank Transfer
T01570,B01570,30013,Bank Transfer
T01571,B01571,34904,Bank Transfer
T01572,B01572,36225,Card
T01573,B01573,3322,Card
T01574,B01574,27427,Cash
T01575,B01575,40375,Bank Transfer
T01576,B01576,30020,Bank Transfer
T01577,B01577,10741,Bank Transfer
T01578,B01578,13763,QR
T01579,B01579,14414,Cash
T01580,B01580,29610,Card
T01581,B01581,14709,Cash
T01582,B01582,38843,Bank Transfer
T01583,B01583,26152,Bank Transfer
T01584,B01584,42848,Bank Transfer
T01585,B01585,46626,Bank Transfer
T01586,B01586,44562,QR
T01587,B01587,33174,Card
T01588,B01588,10221,Bank Transfer
T01589,B01589,32059,Bank Transfer
T01590,B01590,2874,Bank Transfer
T01591,B01591,15982,Card
T01592,B01592,22129,QR
T01593,B01593,46357,Bank Transfer
T01594,B01594,8757,QR
T01595,B01595,11176,Bank Transfer
T01596,B01596,39018,Bank Transfer
T01597,B01597,25847,QR
T01598,B01598,29599,Card
T01599,B01599,3743,Bank Transfer
T01600,B01600,34294,Card
T01601,B01601,2248,Card
T01602,B01602,19881,QR
T01603,B01603,9352,Cash
T01604,B01604,43287,Card
T01605,B01605,44880,Card
T01606,B01606,9738,QR
T01607,B01607,16534,QR
T01608,B01608,39021,Cash
T01609,B01609,40744,Bank Transfer
T01610,B01610,27702,Card
T01611,B01611,27995,Cash
T01612,B01612,13733,Cash
T01613,B01613,25093,Bank Transfer
T01614,B01614,47024,Card
T01615,B01615,28507,Card
T01616,B01616,28818,Cash
T01617,B01617,43973,QR
T01618,B01618,33137,Cash
T01619,B01619,36686,QR
T01620,B01620,35806,Bank Transfer
T01621,B01621,17686,Bank Transfer
T01622,B01622,8728,QR
T01623,B01623,14733,Bank Transfer
T01624,B01624,44573,Card
T01625,B01625,41405,Bank Transfer
T01626,B01626,31006,Bank Transfer
T01627,B01627,13469,Card
T01628,B01628,37980,Card
T01629,B01629,27128,Bank Transfer
T01630,B01630,30284,Bank Transfer
T01631,B01631,44594,QR
T01632,B01632,35780,QR
T01633,B01633,5461,Cash
T01634,B01634,32086,Bank Transfer
T01635,B01635,25634,QR
T01636,B01636,45246,Bank Transfer
T01637,B01637,33630,Cash
T01638,B01638,39410,QR
T01639,B01639,25341,QR
T01640,B01640,12119,QR
T01641,B01641,8182,Cash
T01642,B01642,47560,Cash
T01643,B01643,36688,QR
T01644,B01644,16799,Card
T01645,B01645,39048,QR
T01646,B01646,47204,Bank Transfer
T01647,B01647,36734,QR
T01648,B01648,46928,Cash
T01649,B01649,25005,Card
T01650,B01650,8245,Cash
T01651,B01651,15570,Cash
T01652,B01652,41920,Bank Transfer
T01653,B01653,14307,Bank Transfer
T01654,B01654,39383,Cash
T01655,B01655,5126,Bank Transfer
T01656,B01656,20981,Cash
T01657,B01657,25938,QR
T01658,B01658,37734,Bank Transfer
T01659,B01659,12267,Cash
T01660,B01660,7726,Card
T01661,B01661,9111,QR
T01662,B01662,32167,Bank Transfer
T01663,B01663,33891,QR
T01664,B01664,46474,Bank Transfer
T01665,B01665,28602,QR
T01666,B01666,45693,Card
T01667,B01667,25008,Cash
T01668,B01668,39989,QR
T01669,B01669,12577,Bank Transfer
T01670,B01670,42830,Card
T01671,B01671,48492,Bank Transfer
T01672,B01672,45817,Cash
T01673,B01673,25918,Cash
T01674,B01674,26784,QR
T01675,B01675,20301,Bank Transfer
T01676,B01676,29914,Bank Transfer
T01677,B01677,41222,Cash
T01678,B01678,9798,Bank Transfer
T01679,B01679,30270,Bank Transfer
T01680,B01680,24877,Bank Transfer
T01681,B01681,42538,Card
T01682,B01682,40888,Cash
T01683,B01683,21910,Card
T01684,B01684,14200,QR
T01685,B01685,27929,Cash
T01686,B01686,32118,Bank Transfer
T01687,B01687,44217,Card
T01688,B01688,40251,Cash
T01689,B01689,22415,QR
T01690,B01690,44299,Cash
T01691,B01691,44164,Cash
T01692,B01692,40108,QR
T01693,B01693,21304,Cash
T01694,B01694,38696,Cash
T01695,B01695,26144,Card
T01696,B01696,18307,QR
T01697,B01697,44378,Cash
T01698,B01698,35993,Card
T01699,B01699,47981,QR
T01700,B01700,27797,Cash
T01701,B01701,5156,Bank Transfer
T01702,B01702,22161,Bank Transfer
T01703,B01703,46408,Cash
T01704,B01704,15102,QR
T01705,B01705,31488,QR
T01706,B01706,3147,Bank Transfer
T01707,B01707,48475,Card
T01708,B01708,10550,Cash
T01709,B01709,32263,Cash
T01710,B01710,27186,Bank Transfer
T01711,B01711,42894,Cash
T01712,B01712,48668,Cash
T01713,B01713,29537,Bank Transfer
T01714,B01714,42654,QR
T01715,B01715,48500,Bank Transfer
T01716,B01716,34280,Cash
T01717,B01717,11020,Cash
T01718,B01718,35272,QR
T01719,B01719,8149,Bank Transfer
T01720,B01720,25733,Cash
T01721,B01721,12376,QR
T01722,B01722,2904,Bank Transfer
T01723,B01723,20793,Cash
T01724,B01724,8657,QR
T01725,B01725,19499,Cash
T01726,B01726,38873,Card
T01727,B01727,39603,Cash
T01728,B01728,38418,QR
T01729,B01729,24062,QR
T01730,B01730,22448,Bank Transfer
T01731,B01731,33650,Bank Transfer
T01732,B01732,45677,QR
T01733,B01733,25090,QR
T01734,B01734,2002,Bank Transfer
T01735,B01735,32155,QR
T01736,B01736,29947,Cash
T01737,B01737,10395,Card
T01738,B01738,7204,Cash
T01739,B01739,21804,Bank Transfer
T01740,B01740,15671,QR
T01741,B01741,41661,QR
T01742,B01742,47535,QR
T01743,B01743,40242,Bank Transfer
T01744,B01744,47924,Cash
T01745,B01745,16549,Card
T01746,B01746,11827,QR
T01747,B01747,21597,Cash
T01748,B01748,9746,Cash
T01749,B01749,18069,QR
T01750,B01750,3372,Cash
T01751,B01751,42391,Cash
T01752,B01752,19152,QR
T01753,B01753,39212,Cash
T01754,B01754,29317,QR
T01755,B01755,24759,QR
T01756,B01756,40137,QR
T01757,B01757,46795,Bank Transfer
T01758,B01758,8445,Bank Transfer
T01759,B01759,12928,QR
T01760,B01760,42783,Card
T01761,B01761,19826,Bank Transfer
T01762,B01762,19532,Cash
T01763,B01763,49475,Card
T01764,B01764,24623,Card
T01765,B01765,16725,QR
T01766,B01766,30261,Cash
T01767,B01767,15291,QR
T01768,B01768,5876,QR
T01769,B01769,19937,QR
T01770,B01770,29768,Cash
T01771,B01771,41733,Card
T01772,B01772,33613,Card
T01773,B01773,48776,Bank Transfer
T01774,B01774,38663,Bank Transfer
T01775,B01775,24166,QR
T01776,B01776,46214,Card
T01777,B01777,18872,Card
T01778,B01778,45386,QR
T01779,B01779,16153,Bank Transfer
T01780,B01780,26588,QR
T01781,B01781,19319,Cash
T01782,B01782,8548,QR
T01783,B01783,13755,Bank Transfer
T01784,B01784,47033,QR
T01785,B01785,40028,Bank Transfer
T01786,B01786,44238,Card
T01787,B01787,12635,QR
T01788,B01788,11485,Cash
T01789,B01789,37974,Bank Transfer
T01790,B01790,3217,Card
T01791,B01791,36879,Cash
T01792,B01792,20806,Cash
T01793,B01793,26760,QR
T01794,B01794,6190,Cash
T01795,B01795,20229,Bank Transfer
T01796,B01796,42302,QR
T01797,B01797,30906,Bank Transfer
T01798,B01798,49768,Bank Transfer
T01799,B01799,16971,Cash
T01800,B01800,12200,Cash
T01801,B01801,19905,Bank Transfer
T01802,B01802,18967,QR
T01803,B01803,22138,Card
T01804,B01804,13662,Cash
T01805,B01805,36347,Card
T01806,B01806,36019,Bank Transfer
T01807,B01807,9030,Card
T01808,B01808,36588,QR
T01809,B01809,3735,QR
T01810,B01810,29852,QR
T01811,B01811,48803,QR
T01812,B01812,15995,Card
T01813,B01813,2806,QR
T01814,B01814,10683,Bank Transfer
T01815,B01815,12789,Bank Transfer
T01816,B01816,13019,Cash
T01817,B01817,34699,Cash
T01818,B01818,23334,Bank Transfer
T01819,B01819,30150,Bank Transfer
T01820,B01820,8263,Card
T01821,B01821,41278,Card
T01822,B01822,41454,Bank Transfer
T01823,B01823,19784,QR
T01824,B01824,15067,Card
T01825,B01825,7868,Cash
T01826,B01826,45355,Card
T01827,B01827,9570,Cash
T01828,B01828,20940,Bank Transfer
T01829,B01829,25350,Card
T01830,B01830,33813,QR
T01831,B01831,20233,Card
T01832,B01832,10234,Card
T01833,B01833,4858,Card
T01834,B01834,31495,Card
T01835,B01835,31065,QR
T01836,B01836,17915,Bank Transfer
T01837,B01837,27788,QR
T01838,B01838,48723,Cash
T01839,B01839,42061,QR
T01840,B01840,49925,Cash
T01841,B01841,5434,Cash
T01842,B01842,38439,Card
T01843,B01843,39798,Bank Transfer
T01844,B01844,20634,Bank Transfer
T01845,B01845,33963,QR
T01846,B01846,7373,Card
T01847,B01847,4869,QR
T01848,B01848,26756,QR
T01849,B01849,35901,Card
T01850,B01850,27643,Card
T01851,B01851,38609,Card
T01852,B01852,32188,Card
T01853,B01853,8485,Card
T01854,B01854,16533,QR
T01855,B01855,45124,QR
T01856,B01856,3866,Cash
T01857,B01857,15943,Bank Transfer
T01858,B01858,30813,Bank Transfer
T01859,B01859,42545,QR
T01860,B01860,46119,QR
T01861,B01861,5275,Cash
T01862,B01862,36797,Cash
T01863,B01863,20903,Cash
T01864,B01864,21843,Card
T01865,B01865,19540,Bank Transfer
T01866,B01866,4216,Card
T01867,B01867,3893,Card
T01868,B01868,10212,QR
T01869,B01869,44905,QR
T01870,B01870,20501,Cash
T01871,B01871,13082,Bank Transfer
T01872,B01872,30976,Cash
T01873,B01873,43218,QR
T01874,B01874,15003,QR
T01875,B01875,14633,Card
T01876,B01876,20977,QR
T01877,B01877,35851,QR
T01878,B01878,12936,Cash
T01879,B01879,12881,Card
T01880,B01880,39836,Card
T01881,B01881,48715,Card
T01882,B01882,45513,Cash
T01883,B01883,38627,Cash
T01884,B01884,9438,Cash
T01885,B01885,23258,Bank Transfer
T01886,B01886,46541,Cash
T01887,B01887,23472,Cash
T01888,B01888,44512,Card
T01889,B01889,2087,Cash
T01890,B01890,17961,QR
T01891,B01891,34016,Cash
T01892,B01892,44560,QR
T01893,B01893,2148,QR
T01894,B01894,9097,Cash
T01895,B01895,37126,Card
T01896,B01896,39003,Card
T01897,B01897,3689,QR
T01898,B01898,46323,Cash
T01899,B01899,18821,Cash
T01900,B01900,46685,Bank Transfer
T01901,B01901,3772,Bank Transfer
T01902,B01902,19858,Card
T01903,B01903,38833,Card
T01904,B01904,27282,Card
T01905,B01905,42067,Bank Transfer
T01906,B01906,13464,Cash
T01907,B01907,40404,Cash
T01908,B01908,26155,Cash
T01909,B01909,42448,QR
T01910,B01910,23772,Cash
T01911,B01911,13014,QR
T01912,B01912,4204,Card
T01913,B01913,11378,Cash
T01914,B01914,3927,Cash
T01915,B01915,29164,Bank Transfer
T01916,B01916,24716,QR
T01917,B01917,6497,QR
T01918,B01918,13399,Card
T01919,B01919,17407,Cash
T01920,B01920,30664,Bank Transfer
T01921,B01921,33538,QR
T01922,B01922,35619,Card
T01923,B01923,45459,QR
T01924,B01924,42342,QR
T01925,B01925,31652,Bank Transfer
T01926,B01926,7130,Cash
T01927,B01927,36533,Bank Transfer
T01928,B01928,30973,QR
T01929,B01929,26957,Bank Transfer
T01930,B01930,45679,Card
T01931,B01931,32964,Cash
T01932,B01932,43145,Card
T01933,B01933,14262,Card
T01934,B01934,3501,Cash
T01935,B01935,21670,Bank Transfer
T01936,B01936,29925,Card
T01937,B01937,28874,Cash
T01938,B01938,24414,Card
T01939,B01939,39625,Card
T01940,B01940,45495,QR
T01941,B01941,46654,Card
T01942,B01942,31116,Cash
T01943,B01943,23467,Bank Transfer
T01944,B01944,44084,Cash
T01945,B01945,28245,Bank Transfer
T01946,B01946,17419,Cash
T01947,B01947,20223,Cash
T01948,B01948,47852,QR
T01949,B01949,2911,QR
T01950,B01950,17406,Card
T01951,B01951,4058,Cash
T01952,B01952,17248,Card
T01953,B01953,41419,Card
T01954,B01954,48871,Cash
T01955,B01955,34115,Bank Transfer
T01956,B01956,23355,Card
T01957,B01957,12619,Cash
T01958,B01958,47845,Cash
T01959,B01959,46749,Card
T01960,B01960,14402,Cash
T01961,B01961,15800,Bank Transfer
T01962,B01962,19292,Card
T01963,B01963,31955,QR
T01964,B01964,22833,Card
T01965,B01965,22702,Card
T01966,B01966,43108,Cash
T01967,B01967,11997,Card
T01968,B01968,40478,Cash
T01969,B01969,44217,QR
T01970,B01970,33519,Bank Transfer
T01971,B01971,18336,Card
T01972,B01972,22781,QR
T01973,B01973,22036,Cash
T01974,B01974,43291,Cash
T01975,B01975,33152,Cash
T01976,B01976,49229,QR
T01977,B01977,20918,Card
T01978,B01978,8047,Cash
T01979,B01979,13359,Bank Transfer
T01980,B01980,38002,QR
T01981,B01981,46509,Cash
T01982,B01982,45050,Cash
T01983,B01983,9946,Bank Transfer
T01984,B01984,30453,QR
T01985,B01985,40507,QR
T01986,B01986,38418,QR
T01987,B01987,38141,Card
T01988,B01988,26459,Bank Transfer
T01989,B01989,17655,Cash
T01990,B01990,9872,Bank Transfer
T01991,B01991,28551,Card
T01992,B01992,2574,Bank Transfer
T01993,B01993,9075,Card
T01994,B01994,14479,QR
T01995,B01995,11483,Card
T01996,B01996,5963,Card
T01997,B01997,6669,Card
T01998,B01998,13322,QR
T01999,B01999,3839,Card
T02000,B02000,17869,Bank Transfer
T02001,B02001,40841,Card
T02002,B02002,3091,Bank Transfer
T02003,B02003,16568,Card
T02004,B02004,11159,Cash
T02005,B02005,13637,Card
T02006,B02006,5908,QR
T02007,B02007,43105,QR
T02008,B02008,26412,Card
T02009,B02009,5316,Bank Transfer
T02010,B02010,27844,Bank Transfer
T02011,B02011,25622,QR
T02012,B02012,23071,Card
T02013,B02013,17771,QR
T02014,B02014,5459,Bank Transfer
T02015,B02015,15225,QR
T02016,B02016,46940,Card
T02017,B02017,25918,Cash
T02018,B02018,33111,Bank Transfer
T02019,B02019,33382,QR
T02020,B02020,6997,Cash
T02021,B02021,17154,Card
T02022,B02022,49751,Bank Transfer
T02023,B02023,5282,Card
T02024,B02024,38249,Card
T02025,B02025,35319,Bank Transfer
T02026,B02026,47626,Card
T02027,B02027,27538,Card
T02028,B02028,16342,Cash
T02029,B02029,2691,Cash
T02030,B02030,36273,Cash
T02031,B02031,40199,Card
T02032,B02032,13694,Cash
T02033,B02033,15003,Card
T02034,B02034,47496,Card
T02035,B02035,7030,QR
T02036,B02036,7826,QR
T02037,B02037,9249,Cash
T02038,B02038,40638,Bank Transfer
T02039,B02039,9271,Card
T02040,B02040,22549,QR
T02041,B02041,44124,Cash
T02042,B02042,25704,QR
T02043,B02043,21786,QR
T02044,B02044,29536,Card
T02045,B02045,4633,QR
T02046,B02046,28496,Card
T02047,B02047,33737,Bank Transfer
T02048,B02048,27486,QR
T02049,B02049,15684,QR
T02050,B02050,47951,Card
T02051,B02051,9154,QR
T02052,B02052,29792,Cash
T02053,B02053,6243,QR
T02054,B02054,15761,Card
T02055,B02055,39164,Card
T02056,B02056,21292,QR
T02057,B02057,45268,QR
T02058,B02058,15126,Cash
T02059,B02059,17200,Cash
T02060,B02060,13837,QR
T02061,B02061,49683,Cash
T02062,B02062,46433,Cash
T02063,B02063,33038,Cash
T02064,B02064,25759,Card
T02065,B02065,4582,Card
T02066,B02066,32455,Cash
T02067,B02067,44775,Bank Transfer
T02068,B02068,21366,Bank Transfer
T02069,B02069,16033,Bank Transfer
T02070,B02070,19981,Bank Transfer
T02071,B02071,3162,Bank Transfer
T02072,B02072,19354,QR
T02073,B02073,33987,Cash
T02074,B02074,49435,Bank Transfer
T02075,B02075,3228,QR
T02076,B02076,8691,Bank Transfer
T02077,B02077,42178,Card
T02078,B02078,30056,QR
T02079,B02079,20062,Cash
T02080,B02080,47280,Bank Transfer
T02081,B02081,7026,Card
T02082,B02082,37276,QR
T02083,B02083,3851,Cash
T02084,B02084,24505,Cash
T02085,B02085,13944,Cash
T02086,B02086,20057,Bank Transfer
T02087,B02087,17595,QR
T02088,B02088,41366,Card
T02089,B02089,11521,Cash
T02090,B02090,37420,Bank Transfer
T02091,B02091,39137,Bank Transfer
T02092,B02092,30852,Cash
T02093,B02093,7521,Cash
T02094,B02094,20748,Card
T02095,B02095,48293,Bank Transfer
T02096,B02096,26787,QR
T02097,B02097,17760,Bank Transfer
T02098,B02098,26566,QR
T02099,B02099,26938,Card
T02100,B02100,34712,Cash
T02101,B02101,28468,Card
T02102,B02102,18614,QR
T02103,B02103,19191,Bank Transfer
T02104,B02104,19085,Cash
T02105,B02105,27737,Cash
T02106,B02106,12253,Cash
T02107,B02107,36945,Card
T02108,B02108,40522,Card
T02109,B02109,14679,QR
T02110,B02110,33995,Bank Transfer
T02111,B02111,3124,Bank Transfer
T02112,B02112,7150,QR
T02113,B02113,21411,QR
T02114,B02114,24834,Card
T02115,B02115,38194,Cash
T02116,B02116,18574,Cash
T02117,B02117,28293,Card
T02118,B02118,30237,Card
T02119,B02119,24920,Card
T02120,B02120,47438,QR
T02121,B02121,20379,Cash
T02122,B02122,36402,Card
T02123,B02123,23295,Cash
T02124,B02124,42221,Bank Transfer
T02125,B02125,43862,QR
T02126,B02126,40664,Card
T02127,B02127,6676,Card
T02128,B02128,33994,Card
T02129,B02129,37983,Cash
T02130,B02130,32728,Card
T02131,B02131,15005,Card
T02132,B02132,14913,QR
T02133,B02133,22742,Card
T02134,B02134,28805,Cash
T02135,B02135,27606,Cash
T02136,B02136,20524,Cash
T02137,B02137,18165,QR
T02138,B02138,13299,QR
T02139,B02139,29004,QR
T02140,B02140,28300,QR
T02141,B02141,20555,QR
T02142,B02142,40231,QR
T02143,B02143,14676,Card
T02144,B02144,33549,Bank Transfer
T02145,B02145,17289,Card
T02146,B02146,46307,QR
T02147,B02147,37969,QR
T02148,B02148,34565,QR
T02149,B02149,2364,Cash
T02150,B02150,41085,Cash
T02151,B02151,28001,QR
T02152,B02152,24552,Bank Transfer
T02153,B02153,22944,Bank Transfer
T02154,B02154,4022,Cash
T02155,B02155,7828,Cash
T02156,B02156,15454,Cash
T02157,B02157,29529,Card
T02158,B02158,10280,QR
T02159,B02159,35837,Cash
T02160,B02160,35479,QR
T02161,B02161,5600,Cash
T02162,B02162,46694,QR
T02163,B02163,44994,Cash
T02164,B02164,46543,Card
T02165,B02165,45562,Bank Transfer
T02166,B02166,17259,Cash
T02167,B02167,17186,Bank Transfer
T02168,B02168,3153,Card
T02169,B02169,6226,Card
T02170,B02170,39231,QR
T02171,B02171,30817,Cash
T02172,B02172,36400,QR
T02173,B02173,18097,QR
T02174,B02174,22537,Cash
T02175,B02175,15460,QR
T02176,B02176,40847,Cash
T02177,B02177,15021,Cash
T02178,B02178,29165,QR
T02179,B02179,3840,Card
T02180,B02180,3853,QR
T02181,B02181,36901,Card
T02182,B02182,14854,Cash
T02183,B02183,10178,QR
T02184,B02184,19902,QR
T02185,B02185,7530,Bank Transfer
T02186,B02186,23535,QR
T02187,B02187,19292,Bank Transfer
T02188,B02188,49237,QR
T02189,B02189,49645,Bank Transfer
T02190,B02190,13700,Card
T02191,B02191,42558,QR
T02192,B02192,15096,Card
T02193,B02193,48869,QR
T02194,B02194,46446,Card
T02195,B02195,44775,Bank Transfer
T02196,B02196,23316,Bank Transfer
T02197,B02197,28383,Bank Transfer
T02198,B02198,2215,QR
T02199,B02199,31143,Card
T02200,B02200,3665,Cash
T02201,B02201,45556,Bank Transfer
T02202,B02202,46579,Bank Transfer
T02203,B02203,43782,Card
T02204,B02204,36188,QR
T02205,B02205,17199,QR
T02206,B02206,23562,Bank Transfer
T02207,B02207,26811,QR
T02208,B02208,13117,Card
T02209,B02209,16501,QR
T02210,B02210,41570,Card
T02211,B02211,4463,Cash
T02212,B02212,39019,QR
T02213,B02213,31651,Bank Transfer
T02214,B02214,27455,QR
T02215,B02215,33989,QR
T02216,B02216,44406,QR
T02217,B02217,44954,Bank Transfer
T02218,B02218,19733,Card
T02219,B02219,45804,QR
T02220,B02220,49855,Cash
T02221,B02221,48655,Cash
T02222,B02222,5890,Card
T02223,B02223,19768,QR
T02224,B02224,10441,QR
T02225,B02225,2503,Card
T02226,B02226,44547,Card
T02227,B02227,48486,Cash
T02228,B02228,29188,Cash
T02229,B02229,24229,Bank Transfer
T02230,B02230,24369,Bank Transfer
T02231,B02231,31144,QR
T02232,B02232,2437,QR
T02233,B02233,44677,Cash
T02234,B02234,18937,QR
T02235,B02235,46501,Bank Transfer
T02236,B02236,11667,Card
T02237,B02237,35335,Card
T02238,B02238,9221,Bank Transfer
T02239,B02239,33247,Cash
T02240,B02240,12859,Card
T02241,B02241,39601,QR
T02242,B02242,18926,Bank Transfer
T02243,B02243,43516,Bank Transfer
T02244,B02244,6029,Card
T02245,B02245,12830,Card
T02246,B02246,34478,Cash
T02247,B02247,8751,Bank Transfer
T02248,B02248,20726,Card
T02249,B02249,42408,QR
T02250,B02250,22613,Card
T02251,B02251,34502,Cash
T02252,B02252,8723,Card
T02253,B02253,38765,QR
T02254,B02254,18574,QR
T02255,B02255,37606,Bank Transfer
T02256,B02256,32857,Cash
T02257,B02257,4358,Card
T02258,B02258,16382,Card
T02259,B02259,39695,QR
T02260,B02260,31996,QR
T02261,B02261,47028,QR
T02262,B02262,25304,Bank Transfer
T02263,B02263,40574,Card
T02264,B02264,24357,Cash
T02265,B02265,40598,Cash
T02266,B02266,31827,Bank Transfer
T02267,B02267,11617,Bank Transfer
T02268,B02268,11889,QR
T02269,B02269,45399,Cash
T02270,B02270,46774,QR
T02271,B02271,4777,Cash
T02272,B02272,29103,Cash
T02273,B02273,18712,QR
T02274,B02274,49529,Cash
T02275,B02275,6201,Cash
T02276,B02276,41337,Bank Transfer
T02277,B02277,26020,Bank Transfer
T02278,B02278,3650,QR
T02279,B02279,48026,Cash
T02280,B02280,18148,Card
T02281,B02281,23041,Card
T02282,B02282,25070,Card
T02283,B02283,37260,Bank Transfer
T02284,B02284,31208,Card
T02285,B02285,16920,Cash
T02286,B02286,40320,Card
T02287,B02287,37300,Cash
T02288,B02288,14351,QR
T02289,B02289,32386,QR
T02290,B02290,29104,Cash
T02291,B02291,21421,QR
T02292,B02292,32153,Card
T02293,B02293,43672,QR
T02294,B02294,7908,QR
T02295,B02295,42086,Cash
T02296,B02296,38915,Bank Transfer
T02297,B02297,37576,Cash
T02298,B02298,39364,Bank Transfer
T02299,B02299,21275,Card
T02300,B02300,20286,Cash
T02301,B02301,39100,Bank Transfer
T02302,B02302,49400,QR
T02303,B02303,47616,Bank Transfer
T02304,B02304,8411,Card
T02305,B02305,32950,Bank Transfer
T02306,B02306,6187,Card
T02307,B02307,12189,Bank Transfer
T02308,B02308,35678,Card
T02309,B02309,29281,Bank Transfer
T02310,B02310,30127,Card
T02311,B02311,11731,Card
T02312,B02312,34996,QR
T02313,B02313,3777,Bank Transfer
T02314,B02314,37179,Cash
T02315,B02315,13496,Card
T02316,B02316,38816,Card
T02317,B02317,38578,Cash
T02318,B02318,4343,Cash
T02319,B02319,16860,Cash
T02320,B02320,49830,Card
T02321,B02321,15719,Card
T02322,B02322,39258,Cash
T02323,B02323,47101,Card
T02324,B02324,33185,Cash
T02325,B02325,36475,Cash
T02326,B02326,22795,Cash
T02327,B02327,11220,Card
T02328,B02328,9898,Card
T02329,B02329,26150,QR
T02330,B02330,25671,Card
T02331,B02331,11959,QR
T02332,B02332,19970,Card
T02333,B02333,28227,QR
T02334,B02334,45937,Card
T02335,B02335,20828,Cash
T02336,B02336,36325,Card
T02337,B02337,23983,Bank Transfer
T02338,B02338,25157,QR
T02339,B02339,33982,Card
T02340,B02340,21617,QR
T02341,B02341,34087,Card
T02342,B02342,24555,Cash
T02343,B02343,40109,QR
T02344,B02344,33597,Bank Transfer
T02345,B02345,14455,QR
T02346,B02346,35014,Cash
T02347,B02347,25773,Bank Transfer
T02348,B02348,2197,QR
T02349,B02349,7331,Bank Transfer
T02350,B02350,7527,QR
T02351,B02351,43151,Card
T02352,B02352,38415,Card
T02353,B02353,31465,QR
T02354,B02354,30373,Card
T02355,B02355,9974,QR
T02356,B02356,7043,Bank Transfer
T02357,B02357,20410,Cash
T02358,B02358,30049,Bank Transfer
T02359,B02359,17543,QR
T02360,B02360,21086,QR
T02361,B02361,23458,Bank Transfer
T02362,B02362,16892,Cash
T02363,B02363,42120,QR
T02364,B02364,14273,Card
T02365,B02365,18384,Card
T02366,B02366,25417,QR
T02367,B02367,5995,Bank Transfer
T02368,B02368,47925,Card
T02369,B02369,28761,Cash
T02370,B02370,2094,Card
T02371,B02371,3578,Card
T02372,B02372,48669,Bank Transfer
T02373,B02373,4541,Bank Transfer
T02374,B02374,22460,Bank Transfer
T02375,B02375,23506,Cash
T02376,B02376,20497,Card
T02377,B02377,48345,QR
T02378,B02378,4639,Cash
T02379,B02379,7166,QR
T02380,B02380,26563,Cash
T02381,B02381,47009,Cash
T02382,B02382,8555,QR
T02383,B02383,30780,Card
T02384,B02384,44416,Cash
T02385,B02385,12318,Cash
T02386,B02386,9529,Cash
T02387,B02387,32612,Bank Transfer
T02388,B02388,28643,QR
T02389,B02389,39227,Cash
T02390,B02390,35760,QR
T02391,B02391,37182,QR
T02392,B02392,14672,Cash
T02393,B02393,47555,Card
T02394,B02394,22832,Bank Transfer
T02395,B02395,34811,QR
T02396,B02396,45793,Cash
T02397,B02397,22678,Cash
T02398,B02398,48144,Card
T02399,B02399,18929,Cash
T02400,B02400,4040,Bank Transfer
T02401,B02401,25480,QR
T02402,B02402,37019,QR
T02403,B02403,3800,Card
T02404,B02404,26077,Cash
T02405,B02405,49741,Cash
T02406,B02406,32105,QR
T02407,B02407,16987,Card
T02408,B02408,9902,Cash
T02409,B02409,3779,Bank Transfer
T02410,B02410,10698,Bank Transfer
T02411,B02411,29784,Cash
T02412,B02412,5439,Bank Transfer
T02413,B02413,32083,Cash
T02414,B02414,46331,Bank Transfer
T02415,B02415,7706,QR
T02416,B02416,29234,Card
T02417,B02417,4108,Cash
T02418,B02418,5312,Cash
T02419,B02419,11721,Cash
T02420,B02420,7002,Card
T02421,B02421,39193,QR
T02422,B02422,16589,QR
T02423,B02423,8937,Card
T02424,B02424,39360,Cash
T02425,B02425,19587,Bank Transfer
T02426,B02426,30615,Bank Transfer
T02427,B02427,43485,Bank Transfer
T02428,B02428,2213,QR
T02429,B02429,20711,Cash
T02430,B02430,12075,QR
T02431,B02431,28842,QR
T02432,B02432,2430,Bank Transfer
T02433,B02433,48912,Card
T02434,B02434,23534,Cash
T02435,B02435,38572,Card
T02436,B02436,31068,Card
T02437,B02437,33345,Card
T02438,B02438,30507,Bank Transfer
T02439,B02439,2643,Bank Transfer
T02440,B02440,30379,QR
T02441,B02441,42049,Bank Transfer
T02442,B02442,11717,Card
T02443,B02443,21123,QR
T02444,B02444,18984,Bank Transfer
T02445,B02445,43428,Card
T02446,B02446,9667,QR
T02447,B02447,48088,Card
T02448,B02448,3187,Cash
T02449,B02449,33779,Card
T02450,B02450,17486,Bank Transfer
T02451,B02451,37216,Card
T02452,B02452,3467,Cash
T02453,B02453,34110,Card
T02454,B02454,15895,QR
T02455,B02455,29033,Cash
T02456,B02456,2038,QR
T02457,B02457,11149,QR
T02458,B02458,31734,QR
T02459,B02459,48670,QR
T02460,B02460,16725,Bank Transfer
T02461,B02461,33063,QR
T02462,B02462,7081,QR
T02463,B02463,4778,QR
T02464,B02464,26250,QR
T02465,B02465,6558,Cash
T02466,B02466,38323,Card
T02467,B02467,26534,QR
T02468,B02468,35957,Bank Transfer
T02469,B02469,34523,QR
T02470,B02470,30462,Cash
T02471,B02471,7175,Cash
T02472,B02472,17249,Cash
T02473,B02473,22904,Bank Transfer
T02474,B02474,13432,QR
T02475,B02475,46168,QR
T02476,B02476,2490,Cash
T02477,B02477,32304,Bank Transfer
T02478,B02478,21116,Cash
T02479,B02479,38766,Bank Transfer
T02480,B02480,40486,Cash
T02481,B02481,15128,Cash
T02482,B02482,28365,QR
T02483,B02483,5403,QR
T02484,B02484,48760,Bank Transfer
T02485,B02485,45101,Cash
T02486,B02486,45662,QR
T02487,B02487,42669,Cash
T02488,B02488,5746,QR
T02489,B02489,34916,QR
T02490,B02490,8262,Bank Transfer
T02491,B02491,38362,Bank Transfer
T02492,B02492,5096,Bank Transfer
T02493,B02493,3669,Bank Transfer
T02494,B02494,36272,QR
T02495,B02495,24771,Cash
T02496,B02496,25483,QR
T02497,B02497,4954,QR
T02498,B02498,29362,Cash
T02499,B02499,29315,Bank Transfer
T02500,B02500,13629,Bank Transfer
T02501,B02501,49239,QR
T02502,B02502,39688,Bank Transfer
T02503,B02503,6805,QR
T02504,B02504,14737,Cash
T02505,B02505,16143,Bank Transfer
T02506,B02506,3279,Cash
T02507,B02507,39376,Bank Transfer
T02508,B02508,30390,Bank Transfer
T02509,B02509,29635,Card
T02510,B02510,13919,Card
T02511,B02511,21401,Bank Transfer
T02512,B02512,23537,Bank Transfer
T02513,B02513,48845,Bank Transfer
T02514,B02514,15086,Bank Transfer
T02515,B02515,40699,QR
T02516,B02516,36636,QR
T02517,B02517,49791,Cash
T02518,B02518,25638,Bank Transfer
T02519,B02519,26517,Bank Transfer
T02520,B02520,37916,Bank Transfer
T02521,B02521,16351,Bank Transfer
T02522,B02522,20738,Cash
T02523,B02523,32807,QR
T02524,B02524,20396,QR
T02525,B02525,33481,Cash
T02526,B02526,22006,Bank Transfer
T02527,B02527,25593,Card
T02528,B02528,43412,QR
T02529,B02529,38542,QR
T02530,B02530,48318,Card
T02531,B02531,27366,Bank Transfer
T02532,B02532,37997,Card
T02533,B02533,19403,Bank Transfer
T02534,B02534,16147,Card
T02535,B02535,48123,Bank Transfer
T02536,B02536,8773,Cash
T02537,B02537,15870,Cash
T02538,B02538,42675,Bank Transfer
T02539,B02539,42046,QR
T02540,B02540,10002,QR
T02541,B02541,17062,QR
T02542,B02542,45938,Card
T02543,B02543,45695,QR
T02544,B02544,18872,Card
T02545,B02545,19055,Bank Transfer
T02546,B02546,46186,Bank Transfer
T02547,B02547,14553,Card
T02548,B02548,47165,Card
T02549,B02549,35837,QR
T02550,B02550,4844,QR
T02551,B02551,33421,Cash
T02552,B02552,9809,Bank Transfer
T02553,B02553,10405,Card
T02554,B02554,34801,QR
T02555,B02555,49809,Bank Transfer
T02556,B02556,38015,Card
T02557,B02557,18231,Cash
T02558,B02558,41172,QR
T02559,B02559,31639,Card
T02560,B02560,43180,Bank Transfer
T02561,B02561,6374,Bank Transfer
T02562,B02562,26971,QR
T02563,B02563,9230,Cash
T02564,B02564,42369,Cash
T02565,B02565,40685,Cash
T02566,B02566,26734,QR
T02567,B02567,23108,Bank Transfer
T02568,B02568,49527,Bank Transfer
T02569,B02569,34746,Bank Transfer
T02570,B02570,2735,Bank Transfer
T02571,B02571,49618,QR
T02572,B02572,42436,Bank Transfer
T02573,B02573,11432,Card
T02574,B02574,35891,QR
T02575,B02575,10429,Cash
T02576,B02576,33341,Cash
T02577,B02577,23565,QR
T02578,B02578,41813,QR
T02579,B02579,42920,Cash
T02580,B02580,25741,QR
T02581,B02581,41217,Bank Transfer
T02582,B02582,4447,Card
T02583,B02583,19162,Card
T02584,B02584,26310,Card
T02585,B02585,31624,QR
T02586,B02586,12039,Bank Transfer
T02587,B02587,6069,QR
T02588,B02588,43386,QR
T02589,B02589,7675,Card
T02590,B02590,42063,Card
T02591,B02591,5799,Card
T02592,B02592,15962,Bank Transfer
T02593,B02593,23619,QR
T02594,B02594,25739,Bank Transfer
T02595,B02595,34349,Card
T02596,B02596,2063,QR
T02597,B02597,41373,Card
T02598,B02598,18513,Card
T02599,B02599,24479,Card
T02600,B02600,33087,QR
T02601,B02601,12413,Bank Transfer
T02602,B02602,28317,Bank Transfer
T02603,B02603,27273,QR
T02604,B02604,48147,Bank Transfer
T02605,B02605,26759,Cash
T02606,B02606,49468,QR
T02607,B02607,12205,QR
T02608,B02608,34121,Cash
T02609,B02609,46148,QR
T02610,B02610,47953,Bank Transfer
T02611,B02611,43098,Cash
T02612,B02612,15892,Cash
T02613,B02613,14315,QR
T02614,B02614,20111,Bank Transfer
T02615,B02615,27340,Card
T02616,B02616,47774,Card
T02617,B02617,36612,QR
T02618,B02618,21001,QR
T02619,B02619,10107,Cash
T02620,B02620,27272,QR
T02621,B02621,31658,Bank Transfer
T02622,B02622,35877,Bank Transfer
T02623,B02623,17913,Card
T02624,B02624,9259,Cash
T02625,B02625,45547,Cash
T02626,B02626,28942,Card
T02627,B02627,13924,QR
T02628,B02628,44328,Cash
T02629,B02629,2042,Card
T02630,B02630,9630,Card
T02631,B02631,20746,Bank Transfer
T02632,B02632,13873,Cash
T02633,B02633,26760,QR
T02634,B02634,45544,Cash
T02635,B02635,21222,Bank Transfer
T02636,B02636,22334,Bank Transfer
T02637,B02637,27749,Bank Transfer
T02638,B02638,48422,QR
T02639,B02639,38760,Bank Transfer
T02640,B02640,13500,Bank Transfer
T02641,B02641,41957,QR
T02642,B02642,15413,Cash
T02643,B02643,31508,Bank Transfer
T02644,B02644,40905,Cash
T02645,B02645,36283,Bank Transfer
T02646,B02646,28107,QR
T02647,B02647,41058,Cash
T02648,B02648,33955,Bank Transfer
T02649,B02649,46900,QR
T02650,B02650,35297,Bank Transfer
T02651,B02651,44160,QR
T02652,B02652,44609,Bank Transfer
T02653,B02653,34075,Cash
T02654,B02654,30400,Cash
T02655,B02655,43468,QR
T02656,B02656,12692,QR
T02657,B02657,32050,Bank Transfer
T02658,B02658,44298,Cash
T02659,B02659,43015,Bank Transfer
T02660,B02660,35652,Card
T02661,B02661,31024,Cash
T02662,B02662,40915,QR
T02663,B02663,39471,Cash
T02664,B02664,37324,Cash
T02665,B02665,6904,Card
T02666,B02666,26401,Card
T02667,B02667,2434,QR
T02668,B02668,28209,Card
T02669,B02669,22949,Bank Transfer
T02670,B02670,25088,QR
T02671,B02671,47151,Card
T02672,B02672,44558,Card
T02673,B02673,7241,Bank Transfer
T02674,B02674,20362,Card
T02675,B02675,9481,QR
T02676,B02676,4292,Cash
T02677,B02677,33916,Card
T02678,B02678,11062,Card
T02679,B02679,42323,Cash
T02680,B02680,18898,Cash
T02681,B02681,49324,Cash
T02682,B02682,41457,Card
T02683,B02683,40311,QR
T02684,B02684,35351,Cash
T02685,B02685,11989,Cash
T02686,B02686,13451,QR
T02687,B02687,49886,Card
T02688,B02688,49088,Cash
T02689,B02689,38989,Card
T02690,B02690,9548,QR
T02691,B02691,23556,Cash
T02692,B02692,10060,Bank Transfer
T02693,B02693,6303,QR
T02694,B02694,17035,Cash
T02695,B02695,22266,Cash
T02696,B02696,34764,Card
T02697,B02697,47832,Card
T02698,B02698,3689,QR
T02699,B02699,13702,Bank Transfer
T02700,B02700,18166,Card
T02701,B02701,15229,QR
T02702,B02702,12620,Cash
T02703,B02703,44921,Bank Transfer
T02704,B02704,27146,Cash
T02705,B02705,29319,Cash
T02706,B02706,43353,Card
T02707,B02707,41961,Cash
T02708,B02708,6021,QR
T02709,B02709,7862,QR
T02710,B02710,38515,QR
T02711,B02711,16441,Card
T02712,B02712,8345,QR
T02713,B02713,11363,Bank Transfer
T02714,B02714,39886,QR
T02715,B02715,25912,QR
T02716,B02716,13909,Cash
T02717,B02717,44959,Cash
T02718,B02718,47265,QR
T02719,B02719,42919,QR
T02720,B02720,42301,QR
T02721,B02721,15777,Cash
T02722,B02722,13041,Bank Transfer
T02723,B02723,12680,Card
T02724,B02724,47851,Card
T02725,B02725,6099,Cash
T02726,B02726,41514,QR
T02727,B02727,42224,Card
T02728,B02728,2612,Bank Transfer
T02729,B02729,31683,Cash
T02730,B02730,19294,Bank Transfer
T02731,B02731,46813,Card
T02732,B02732,21827,Bank Transfer
T02733,B02733,38049,Cash
T02734,B02734,45682,Cash
T02735,B02735,37707,QR
T02736,B02736,40544,QR
T02737,B02737,28705,Cash
T02738,B02738,41195,QR
T02739,B02739,10164,Card
T02740,B02740,44552,Cash
T02741,B02741,49644,Cash
T02742,B02742,2196,QR
T02743,B02743,42774,Cash
T02744,B02744,3127,Card
T02745,B02745,15584,Bank Transfer
T02746,B02746,41050,Cash
T02747,B02747,8895,Cash
T02748,B02748,6808,Bank Transfer
T02749,B02749,23435,Cash
T02750,B02750,47323,Card
T02751,B02751,33808,Cash
T02752,B02752,16946,Cash
T02753,B02753,36342,Bank Transfer
T02754,B02754,34026,Card
T02755,B02755,27854,Bank Transfer
T02756,B02756,34526,Card
T02757,B02757,14770,QR
T02758,B02758,18629,Bank Transfer
T02759,B02759,19527,Bank Transfer
T02760,B02760,21648,Cash
T02761,B02761,44274,Cash
T02762,B02762,11099,Cash
T02763,B02763,11660,QR
T02764,B02764,46465,QR
T02765,B02765,25398,QR
T02766,B02766,40144,QR
T02767,B02767,30294,Cash
T02768,B02768,24077,Card
T02769,B02769,45279,QR
T02770,B02770,42174,Cash
T02771,B02771,31846,QR
T02772,B02772,26887,QR
T02773,B02773,41377,Card
T02774,B02774,24846,Card
T02775,B02775,3242,Card
T02776,B02776,18732,Card
T02777,B02777,13840,QR
T02778,B02778,5847,Card
T02779,B02779,25322,Cash
T02780,B02780,47276,Cash
T02781,B02781,30706,Cash
T02782,B02782,39518,QR
T02783,B02783,40911,Bank Transfer
T02784,B02784,23663,Cash
T02785,B02785,21014,Bank Transfer
T02786,B02786,33696,Cash
T02787,B02787,32814,QR
T02788,B02788,31587,Bank Transfer
T02789,B02789,20744,Cash
T02790,B02790,45695,QR
T02791,B02791,31522,Cash
T02792,B02792,16035,Bank Transfer
T02793,B02793,20902,Bank Transfer
T02794,B02794,13301,Bank Transfer
T02795,B02795,36559,Card
T02796,B02796,13391,Cash
T02797,B02797,7577,Cash
T02798,B02798,4505,Card
T02799,B02799,20837,Card
T02800,B02800,42083,Card
T02801,B02801,40946,Card
T02802,B02802,6517,QR
T02803,B02803,37115,QR
T02804,B02804,17650,QR
T02805,B02805,24182,Bank Transfer
T02806,B02806,33977,Bank Transfer
T02807,B02807,32246,Bank Transfer
T02808,B02808,38570,Cash
T02809,B02809,18327,Bank Transfer
T02810,B02810,33902,Bank Transfer
T02811,B02811,15802,Card
T02812,B02812,35908,Cash
T02813,B02813,14140,QR
T02814,B02814,10934,Bank Transfer
T02815,B02815,10353,Bank Transfer
T02816,B02816,31965,QR
T02817,B02817,10164,Bank Transfer
T02818,B02818,33333,Bank Transfer
T02819,B02819,28657,Cash
T02820,B02820,12156,QR
T02821,B02821,14213,Cash
T02822,B02822,19022,Cash
T02823,B02823,32607,Bank Transfer
T02824,B02824,4833,Bank Transfer
T02825,B02825,47331,Cash
T02826,B02826,25619,QR
T02827,B02827,4119,Cash
T02828,B02828,40153,QR
T02829,B02829,35394,QR
T02830,B02830,38669,Card
T02831,B02831,38651,Bank Transfer
T02832,B02832,49160,Card
T02833,B02833,36827,Bank Transfer
T02834,B02834,47932,Cash
T02835,B02835,11211,Card
T02836,B02836,45724,Card
T02837,B02837,27686,Cash
T02838,B02838,7687,Card
T02839,B02839,33493,Bank Transfer
T02840,B02840,46618,QR
T02841,B02841,3924,Bank Transfer
T02842,B02842,44668,QR
T02843,B02843,26373,Bank Transfer
T02844,B02844,42872,Cash
T02845,B02845,48788,Card
T02846,B02846,46342,Bank Transfer
T02847,B02847,45920,Card
T02848,B02848,45517,Bank Transfer
T02849,B02849,38810,QR
T02850,B02850,49615,Card
T02851,B02851,2462,Card
T02852,B02852,17156,Bank Transfer
T02853,B02853,7099,Bank Transfer
T02854,B02854,25027,Card
T02855,B02855,7133,Card
T02856,B02856,15449,Cash
T02857,B02857,37992,QR
T02858,B02858,25848,Card
T02859,B02859,12056,Card
T02860,B02860,22509,Cash
T02861,B02861,37294,QR
T02862,B02862,27727,QR
T02863,B02863,33238,Cash
T02864,B02864,13381,QR
T02865,B02865,7464,Bank Transfer
T02866,B02866,14922,Card
T02867,B02867,28474,Card
T02868,B02868,47737,Cash
T02869,B02869,31957,Card
T02870,B02870,4023,Bank Transfer
T02871,B02871,23309,Cash
T02872,B02872,6719,QR
T02873,B02873,46938,Bank Transfer
T02874,B02874,18661,Card
T02875,B02875,43291,QR
T02876,B02876,34290,QR
T02877,B02877,28796,Bank Transfer
T02878,B02878,42123,QR
T02879,B02879,31896,Card
T02880,B02880,44558,Card
T02881,B02881,30212,Bank Transfer
T02882,B02882,45253,Card
T02883,B02883,28009,Bank Transfer
T02884,B02884,17675,Cash
T02885,B02885,44869,Bank Transfer
T02886,B02886,48655,Bank Transfer
T02887,B02887,20397,Card
T02888,B02888,42911,Card
T02889,B02889,44201,Card
T02890,B02890,38934,Bank Transfer
T02891,B02891,38777,Cash
T02892,B02892,17194,Cash
T02893,B02893,32937,QR
T02894,B02894,16571,Card
T02895,B02895,35058,Card
T02896,B02896,36854,QR
T02897,B02897,7550,QR
T02898,B02898,32835,QR
T02899,B02899,40935,QR
T02900,B02900,2035,Card
T02901,B02901,16735,Cash
T02902,B02902,25252,Card
T02903,B02903,24529,Card
T02904,B02904,36222,QR
T02905,B02905,19684,Card
T02906,B02906,24922,Bank Transfer
T02907,B02907,10332,Card
T02908,B02908,24233,Bank Transfer
T02909,B02909,38908,Bank Transfer
T02910,B02910,29340,Card
T02911,B02911,22774,Card
T02912,B02912,30565,QR
T02913,B02913,44924,QR
T02914,B02914,42778,Cash
T02915,B02915,22726,Bank Transfer
T02916,B02916,10978,Card
T02917,B02917,18160,QR
T02918,B02918,25385,QR
T02919,B02919,11183,Cash
T02920,B02920,44500,Cash
T02921,B02921,9714,Cash
T02922,B02922,29704,Bank Transfer
T02923,B02923,30278,Card
T02924,B02924,7017,Cash
T02925,B02925,46493,QR
T02926,B02926,2851,QR
T02927,B02927,25928,QR
T02928,B02928,31729,QR
T02929,B02929,42649,Bank Transfer
T02930,B02930,40102,Card
T02931,B02931,27560,Card
T02932,B02932,49469,Card
T02933,B02933,42010,Card
T02934,B02934,5162,Bank Transfer
T02935,B02935,24467,Cash
T02936,B02936,31638,Card
T02937,B02937,18466,QR
T02938,B02938,29176,Bank Transfer
T02939,B02939,5264,Card
T02940,B02940,38806,Cash
T02941,B02941,34532,QR
T02942,B02942,20836,Bank Transfer
T02943,B02943,10601,QR
T02944,B02944,48096,Card
T02945,B02945,34579,QR
T02946,B02946,28979,Bank Transfer
T02947,B02947,38433,Cash
T02948,B02948,34920,Bank Transfer
T02949,B02949,6180,Card
T02950,B02950,7044,Cash
T02951,B02951,14904,QR
T02952,B02952,35508,Bank Transfer
T02953,B02953,3930,Cash
T02954,B02954,28532,QR
T02955,B02955,24258,Card
T02956,B02956,20259,Cash
T02957,B02957,3250,QR
T02958,B02958,45993,Card
T02959,B02959,24511,Card
T02960,B02960,14270,QR
T02961,B02961,42779,Bank Transfer
T02962,B02962,42606,Card
T02963,B02963,27104,Cash
T02964,B02964,41673,Bank Transfer
T02965,B02965,9545,Card
T02966,B02966,47805,Card
T02967,B02967,48044,Cash
T02968,B02968,5872,QR
T02969,B02969,11775,QR
T02970,B02970,13965,Card
T02971,B02971,28877,Cash
T02972,B02972,19812,Bank Transfer
T02973,B02973,2450,Bank Transfer
T02974,B02974,2346,Cash
T02975,B02975,11192,Bank Transfer
T02976,B02976,26246,Card
T02977,B02977,38401,Bank Transfer
T02978,B02978,11042,Card
T02979,B02979,10889,Card
T02980,B02980,27540,Card
T02981,B02981,6548,QR
T02982,B02982,36653,Card
T02983,B02983,24226,Bank Transfer
T02984,B02984,28755,Card
T02985,B02985,20543,Bank Transfer
T02986,B02986,42636,Card
T02987,B02987,47417,QR
T02988,B02988,17157,Card
T02989,B02989,6990,Cash
T02990,B02990,2075,Cash
T02991,B02991,26384,Cash
T02992,B02992,23188,Cash
T02993,B02993,44830,Card
T02994,B02994,42113,Bank Transfer
T02995,B02995,27516,QR
T02996,B02996,3987,QR
T02997,B02997,18739,QR
T02998,B02998,21973,QR
T02999,B02999,25288,QR
T03000,B03000,22784,QR
